Region code;Region name (sourced);Item code;Item name (sourced);Unit;2000;2001;2002;2003;2004;2005;2006;2007;2008;2009;2010;2011;2012;2013;2014;2015;2016
AT02;Graz;1554;Total population - ESPON;total / number;;664962;;;;;692198;;;;;;;;;;
AT02 approx.;AT221 - Graz;1554;Total population;total / number;;356285;364679;368327;372013;377444;382377;386423;390138;393586;396995;401229;405473;410094;415265;;
;Linz, Statutarstadt;1554;Total population;total / number;;183504;;;;;;;;;189311;;;193511;;;
;Wels, Statutarstadt;1554;Total population;total / number;;56478;;;;;;;;;58574;;;59239;;;
;Bezirk Eferding;1554;Total population;total / number;;30718;;;;;;;;;31690;;;31926;;;
;Bezirk Linz-Land;1554;Total population;total / number;;129059;;;;;;;;;138116;;;141374;;;
;Bezirk Wels-Land;1554;Total population;total / number;;62997;;;;;;;;;67175;;;68634;;;
AT03_1;Linz approx.;1554;Total population;total / number;;462756;;;;;;;;;484866;;;494684;;;
AT03_2 approx.;Bezirk Urfahr-Umgebung;1554;Total population;total / number;;77742;;;;;;;;;80782;;;82118;;;
AT03_2;part of metro;1554;Total population;total / number;;60394;;;;;;;;;63137;;;61127;;;
AT03;AT312 - Linz-Wels;1554;Total population - ESPON;total / number;;523150;524856;528745;532296;536527;540016;542746;544613;546609;548003;549314;552172;555811;560587;;
BE03 approx.;Gent;1554;Total population;total / number;495368;496608;498631;500794;502492;505267;508996;512407;516609;521796;527248;534419;537364;539424;;;
BE04 approx.;Charleroi;1554;Total population;total / number;421059;420214;420590;420653;420528;421394;421801;422598;423204;424289;425110;428231;430000;431340;;;
BE05 approx.;Liege;1554;Total population;total / number;585678;584398;585726;585444;587033;588287;590972;594579;597478;600269;604062;612363;616817;620528;;;
BE07 approx.;Namur;1554;Total population;total / number;282727;283793;285181;286930;288659;290576;292318;294320;296494;298835;301472;304968;307669;309525;;;
BE03;Arr. Gent;1554;Total population - ESPON;total / number;;674621;;;;;688838;;;;;;;;;;
BE04;Arr. Charleroi;1554;Total population - ESPON;total / number;;518995;;;;;522179;;;;;;;;;;
BE05;Arr. Li?ge;1554;Total population - ESPON;total / number;;731701;;;;;741628;;;;;;;;;;
BE07;Arr. Namur;1554;Total population - ESPON;total / number;;208582;;;;;214262;;;;;;;;;;
BU04;Burgas;1554;Total population - ESPON;total / number;;192390;;;;;190081;;;;;;;;;;
BU07;Pleven;1554;Total population - ESPON;total / number;;149142;;;;;138255;;;;;;;;;;
BU02;Plovdiv;1554;Total population - ESPON;total / number;;439061;;;;;434231;;;;;;;;;;
BU05;Ruse;1554;Total population - ESPON;total / number;;161453;;;;;154188;;;;;;;;;;
BU06;Stara Zagora;1554;Total population - ESPON;total / number;;167370;;;;;162851;;;;;;;;;;
BU03;Varna;1554;Total population - ESPON;total / number;;348398;;;;;345262;;;;;;;;;;
BU04 approx.;Burgas;1554;Total population;total / number;427152;425366;422575;421288;420360;419631;418884;418229;417668;417082;416880;415909;414947;414154;414485;;
BU07 approx.;Pleven;1554;Total population;total / number;319356;314965;322064;315473;309336;303760;297401;291695;285905;280660;275579;270115;266865;262969;259363;;
BU02 approx.;Plovdiv;1554;Total population;total / number;729447;728246;711933;707748;703830;700627;697194;693734;690683;687879;685860;683298;680884;678860;678197;;
BU05 approx.;Ruse;1554;Total population;total / number;275538;273234;262576;259036;255670;252717;249467;246494;243580;240808;238173;235477;233767;231580;229784;;
BU06 approx.;Stara Zagora;1554;Total population;total / number;385195;382977;366141;362041;357925;354129;350330;346625;343039;339817;336742;333496;331135;329832;328104;;
BU03 approx.;Varna;1554;Total population;total / number;440563;435524;463883;465035;466366;467632;468834;470123;471315;472503;474004;474776;474344;473415;474076;;
FI08 approx.;Pori;1554;Total population;total / number;140473;139762;139204;138767;138702;138615;138136;137893;137747;137714;137730;137745;137603;137506;137204;;
FI05 approx.;Lahti;1554;Total population;total / number;197347;197378;197656;198088;198434;198685;198975;199235;200061;200847;201270;201772;202236;202548;202424;;
FI08;Pori;1554;Total population - ESPON;total / number;;106714;;;;;107749;;;;;;;;;;
FI05;Lahti;1554;Total population - ESPON;total / number;;161995;;;;;164785;;;;;;;;;;
FR04 approx.;FR301 - Nord (FR);1554;Total population;total / number;2554638;2555959;2558213;2559871;2561038;2563886;2565257;2564950;2564959;2571940;2576770;2579208;2584148;2588118;;;
FR07 approx.;FR612 - Gironde;1554;Total population;total / number;1299777;1314667;1330095;1345768;1361225;1377991;1393758;1409345;1421276;1434661;1449245;1463662;1477883;1491170;;;
FR08 approx.;FR511 - Loire-Atlantique;1554;Total population;total / number;1146058;1160239;1174492;1189157;1203474;1218810;1234085;1246798;1255871;1266358;1282052;1296364;1309653;1322404;;;
FR09 approx.;FR421 - Bas-Rhin;1554;Total population;total / number;1032498;1040521;1048305;1055890;1063274;1071160;1079016;1084840;1091015;1094439;1095905;1099269;1101898;1104047;;;
FR10 approx.;FR813 - Hérault;1554;Total population;total / number;907747;921521;936987;952865;968476;985113;1001041;1011207;1019798;1031974;1044558;1062036;1076275;1090052;;;
FR11 approx.;FR714 - Is?re;1554;Total population;total / number;1102331;1113017;1124185;1135080;1145897;1157903;1169491;1178714;1188660;1197038;1206374;1215212;1223944;1232257;;;
FR12 approx.;FR825 - Var;1554;Total population;total / number;908895;921032;933602;946272;958745;972379;985099;995934;1001408;1007303;1008183;1012735;1016530;1019910;;;
FR13 approx.;FR523 - Ille-et-Vilaine;1554;Total population;total / number;876201;887423;898909;910367;921911;933885;945851;955846;967588;977449;988140;996439;1006358;1015427;;;
FR14 approx.;FR232 - Seine-Maritime;1554;Total population;total / number;1239940;1240904;1241888;1242102;1242398;1243361;1243834;1244611;1248580;1250120;1250411;1251282;1252193;1252792;;;
FR15 approx.;FR413 - Moselle;1554;Total population;total / number;1025516;1027458;1029636;1031421;1032634;1034768;1036776;1039023;1042230;1044898;1045066;1045146;1045590;1045810;;;
FR16 approx.;FR724 - Puy-de-D?me;1554;Total population;total / number;606467;609162;612018;614688;617448;620571;623463;626639;628485;629416;632311;635469;637841;639947;;;
FR17 approx.;FR715 - Loire;1554;Total population;total / number;730614;732528;734267;735780;737297;739393;741269;740668;742076;746115;748947;749053;751511;753550;;;
FR18 approx.;FR244 - Indre-et-Loire;1554;Total population;total / number;557170;561151;564886;568765;572255;576366;580312;583086;585406;588420;590515;593683;596303;598872;;;
FR19 approx.;FR246 - Loiret;1554;Total population;total / number;621230;625235;629070;633019;636707;641169;645325;647733;650769;653510;656105;659587;662681;665644;;;
FR20 approx.;FR251 - Calvados;1554;Total population;total / number;651193;654684;658189;661498;664769;668210;671351;673667;678206;680908;683105;685262;687378;688887;;;
FR21 approx.;FR411 - Meurthe-et-Moselle;1554;Total population;total / number;715684;717358;719199;720638;721734;723797;725302;726592;729768;731019;732207;733124;734283;735062;;;
FR22 approx.;FR512 - Maine-et-Loire;1554;Total population;total / number;736867;742072;747089;751708;756253;761529;766659;770777;774823;780082;784810;790343;795627;800424;;;
FR24 approx.;FR261 - C?te-d'Or;1554;Total population;total / number;508015;509714;511197;512591;514022;515829;517168;519143;521608;524144;524358;525931;527268;528403;;;
FR25 approx.;FR522 - Finist?re;1554;Total population;total / number;855924;860540;865006;869205;873568;878532;883001;885906;890509;893914;897628;899870;902817;905164;;;
FR04;Lille;1554;Total population - ESPON;total / number;;1218819;;;;;1271398;;;;;;;;;;
FR07;Bordeaux;1554;Total population - ESPON;total / number;;1003358;;;;;1089706;;;;;;;;;;
FR08;Nantes;1554;Total population - ESPON;total / number;;795206;;;;;861586;;;;;;;;;;
FR09;Strasbourg;1554;Total population - ESPON;total / number;;802150;;;;;839807;;;;;;;;;;
FR10;Montpellier;1554;Total population - ESPON;total / number;;503442;;;;;563273;;;;;;;;;;
FR11;Grenoble;1554;Total population - ESPON;total / number;;666681;;;;;697911;;;;;;;;;;
FR12;Toulon;1554;Total population - ESPON;total / number;;525200;;;;;554228;;;;;;;;;;
FR13;Rennes;1554;Total population - ESPON;total / number;;591451;;;;;653109;;;;;;;;;;
FR14;Rouen-Elboeuf;1554;Total population - ESPON;total / number;;672369;;;;;683390;;;;;;;;;;
FR15;Metz;1554;Total population - ESPON;total / number;;423776;;;;;432065;;;;;;;;;;
FR16;Clermont-Ferrand;1554;Total population - ESPON;total / number;;451751;;;;;472160;;;;;;;;;;
FR17;Saint-Etienne;1554;Total population - ESPON;total / number;;522710;;;;;532378;;;;;;;;;;
FR18;Tours;1554;Total population - ESPON;total / number;;433516;;;;;458038;;;;;;;;;;
FR19;Orleans;1554;Total population - ESPON;total / number;;397108;;;;;414422;;;;;;;;;;
FR20;Caen;1554;Total population - ESPON;total / number;;429278;;;;;445177;;;;;;;;;;
FR21;Nancy;1554;Total population - ESPON;total / number;;466331;;;;;474007;;;;;;;;;;
FR22;Angers;1554;Total population - ESPON;total / number;;377903;;;;;395936;;;;;;;;;;
FR24;Dijon;1554;Total population - ESPON;total / number;;381343;;;;;392642;;;;;;;;;;
FR25;Brest;1554;Total population - ESPON;total / number;;353921;;;;;362359;;;;;;;;;;
GR04 approx.;EL142 - Larisa (NUTS 2010);1554;Total population;total / number;;287091;287867;288334;289277;290084;291507;292262;292822;292716;292163;290289;289743;287920;286591;;
GR03 approx.;EL232 - Achaia (NUTS 2010);1554;Total population;total / number;;315905;315856;316220;316605;317055;317154;317248;318033;317749;317481;315165;311009;306765;308966;;
GR04;Larissa;1554;Total population - ESPON;total / number;;185636;;;;;191857;;;;;;;;;;
GR03;Patras;1554;Total population - ESPON;total / number;;225271;;;;;239794;;;;;;;;;;
IT16 approx.;Brescia;1554;Total population;total / number;1091670;1100730;1110246;1123005;1144453;1162250;1175357;1186624;1200746;1216469;1224258;1233702;1238075;1247192;;;
IT11 approx.;Verona;1554;Total population;total / number;815008;821812;826891;833828;843806;853124;861111;869037;884107;893229;896478;898851;899817;907352;;;
IT15 approx.;Treviso;1554;Total population;total / number;783640;789846;796176;806391;823127;836687;845404;851500;863135;871906;873305;875418;876051;881245;;;
IT12 approx.;Venezia;1554;Total population;total / number;808508;808821;809637;811147;815399;819835;822185;825382;832534;840103;843785;846187;846275;847983;;;
IT14 approx.;Padova;1554;Total population;total / number;842560;846776;849685;855092;866955;876840;884250;890035;901100;911030;916094;919398;920895;927848;;;
IT17 approx.;Taranto;1554;Total population;total / number;583718;581508;579846;579853;580157;581631;581876;582652;584200;584797;585534;585013;584229;582814;;;
IT10 approx.;Bari;1554;Total population;total / number;1218015;1217510;1218210;1220355;1224714;1230484;1232581;1234097;1236890;1239004;1241622;1246204;1246742;1246297;;;
IT06 approx.;Palermo;1554;Total population;total / number;1242637;1237993;1235945;1234391;1233866;1234031;1233659;1235148;1237329;1238980;1241014;1244239;1242560;1243638;;;
IT13 approx.;Messina;1554;Total population;total / number;660795;661708;661513;658348;657934;656617;654277;652260;652179;652646;651792;651513;649320;648062;;;
IT09 approx.;Catania;1554;Total population;total / number;1055678;1054559;1054501;1054480;1059272;1062261;1066064;1066856;1071168;1074088;1076640;1078665;1078045;1077113;;;
IT16;Brescia;1554;Total population - ESPON;total / number;;518639;;;;;552846;;;;;;;;;;
IT11;Verona;1554;Total population - ESPON;total / number;;559270;;;;;590677;;;;;;;;;;
IT15;Treviso;1554;Total population - ESPON;total / number;;238582;;;;;256124;;;;;;;;;;
IT12;Venezia;1554;Total population - ESPON;total / number;;526889;;;;;539960;;;;;;;;;;
IT14;Padova;1554;Total population - ESPON;total / number;;637579;;;;;670869;;;;;;;;;;
IT17;Taranto;1554;Total population - ESPON;total / number;;468255;;;;;468535;;;;;;;;;;
IT10;Bari;1554;Total population - ESPON;total / number;;733969;;;;;754988;;;;;;;;;;
IT06;Palermo;1554;Total population - ESPON;total / number;;968805;;;;;970808;;;;;;;;;;
IT13;Messina;1554;Total population - ESPON;total / number;;285109;;;;;279941;;;;;;;;;;
IT09;Catania;1554;Total population - ESPON;total / number;;781254;;;;;798182;;;;;;;;;;
;06 Buskerud;;Male  /  0-17 years;total / number;27252;27685;27864;28123;28287;28440;28557;28868;29024;29296;29509;29741;30091;30259;30437;;
;06 Buskerud;;Male  /  18 years or older;total / number;89627;90206;90433;91021;91319;91689;92450;93536;95560;97283;98807;100447;102511;104533;106165;;
;06 Buskerud;;Female  /  0-17 years;total / number;26007;26367;26654;26890;27015;27236;27435;27534;27720;27883;27907;28119;28297;28448;28552;;
;06 Buskerud;;Female  /  18 years or older;total / number;93925;94575;94842;95337;95710;96126;96783;97717;98916;100172;101450;102803;104265;105763;107074;;
NO06 approx.;Buskerud;1554;Total population;total / number;236811;238833;239793;241371;242331;243491;245225;247655;251220;254634;257673;261110;265164;269003;272228;;
NO06;Drammen;1554;Total population - ESPON;total / number;;105843;;;;;109442;;;;;;;;;;
PL01_1;Podregion 28 - m. Warszawa;1554;Total population;total / number;1677316;1672418;1671727;1688194;1689559;1692854;1697596;1702139;1706624;1709781;1714446;1700112;1708491;1715517;1724404;;
PL01_2;Podregion 29 - warszawski wschodni;1554;Total population;total / number;726059;730958;734862;721838;725338;730278;735062;741290;749044;756745;764164;779143;786750;793363;799180;;
PL01_3;Podregion 30 - warszawski zachodni;1554;Total population;total / number;687371;692044;696494;701945;708080;714680;721211;728295;736440;743130;751063;769502;776697;783263;789645;;
PL02_1;Podregion 15 - ùódzki;1554;Total population;total / number;373769;373516;373454;373243;373626;374366;374885;375245;376075;377214;378363;383300;384235;384610;385035;;
PL02_2;Podregion 16 - m. Ùódê;1554;Total population;total / number;805311;798418;791727;785134;779129;774004;767628;760251;753192;747152;742387;730633;725055;718960;711332;;
PL03_1;Powiat krakowski;1554;Total population;total / number;236184;237052;237972;239344;241080;242731;244283;245944;247903;250395;253344;259261;261857;264639;266649;;
PL03_2;Powiat proszowicki;1554;Total population;total / number;43691;43636;43713;43721;43659;43605;43497;43470;43424;43361;43419;43987;43995;43945;43864;;
PL03_3;Powiat wielicki;1554;Total population;total / number;100380;100989;101722;102636;103808;103676;104788;105943;107305;108767;110400;113559;115356;116799;118553;;
PL03_4;Podregion 21 - m. Kraków;1554;Total population;total / number;755355;758715;757942;757547;757685;757430;756629;756267;756583;754624;755000;757740;759137;758334;758992;;
PL04_1;Powiat úredzki;1554;Total population;total / number;48321;48421;48489;48726;48977;49127;49115;49353;49540;49828;50119;51548;51782;52108;52445;;
PL04_2;Powiat trzebnicki;1554;Total population;total / number;75062;75481;75963;76397;76644;77072;77172;77599;78248;78703;79166;81461;82015;82552;83041;;
PL04_3;Powiat wrocùawski;1554;Total population;total / number;94233;94925;95492;96786;98032;99511;100866;103548;106080;108386;111069;118593;121651;124509;127896;;
PL04_4;Podregion 5 - m. Wrocùaw;1554;Total population;total / number;643522;640614;640804;639150;637548;636268;635932;634630;632930;632162;632146;630691;631235;631188;632067;;
PL05_1;Powiat poznañski;1554;Total population;total / number;256850;260518;264855;269380;274720;280924;288012;295039;303595;311390;319258;330245;337883;344752;352395;;
PL05_2;Podregion 62 - m. Poznañ;1554;Total population;total / number;584257;582254;579343;577117;574125;570778;567882;564951;560932;557264;554221;555614;553564;550742;548028;;
PL07_1;Podregion 65 - m. Szczecin;1554;Total population;total / number;416791;416657;415748;415117;414032;411900;411119;409068;407811;406941;406307;410245;409596;408913;408172;;
PL07_2;Powiat goleniowski *;1554;Total population;total / number;81040;81410;81835;77443;77621;78066;78584;78918;79354;79588;79937;81736;81945;82067;82270;;
PL07_3;Powiat gryfiñski;1554;Total population;total / number;82727;82985;83294;83201;83042;82916;82819;83037;83028;83093;82830;84389;84272;84103;83880;;
PL07_4;Powiat policki;1554;Total population;total / number;58060;58589;59373;60098;61141;62479;63462;64785;66436;67937;69087;71135;72326;73333;74483;;
PL08_1;Powiat bydgoski;1554;Total population;total / number;85551;86399;87776;89180;90755;92828;94841;97031;99386;101466;103010;105942;107678;109350;110565;;
PL08_2;Powiat m.Bydgoszcz;1554;Total population;total / number;377412;375676;374352;372104;370245;368235;366074;363468;361222;358928;357650;364443;363020;361254;359428;;
PL10_1;Podregion 45 - bytomski;1554;Total population;total / number;477672;474686;472204;469499;467026;464934;462538;460238;457978;456448;455382;450734;449553;448343;446143;;
PL10_2;Podregion 47 - gliwicki;1554;Total population;total / number;523768;520339;517539;514161;511495;508564;505871;503457;500945;499103;497934;484223;482429;480961;479061;;
PL10_3;Podregion 48 - katowicki;1554;Total population;total / number;816271;809196;803540;797182;791338;786622;781683;776197;771521;767341;764645;765931;762097;757963;752441;;
PL10_4;Powiat rybnicki;1554;Total population;total / number;72925;72810;72827;72941;73099;73439;73469;73652;73931;74215;74509;75995;76367;76597;76915;;
PL10_5;Powiat m.Rybnik;1554;Total population;total / number;143557;143218;142816;142742;142272;141755;141580;141388;141080;141177;141372;141036;140944;140789;140173;;
PL10_6;Podregion 50 - sosnowiecki;1554;Total population;total / number;740914;738000;734584;738095;734929;731643;728212;724638;721377;718842;715600;713326;710208;706494;701830;;
PL10_7;Podregion 51 - tyski;1554;Total population;total / number;382190;382234;381882;382014;381931;382173;382278;382449;382967;383660;385271;389031;390282;391190;392075;;
PL11_1;Powiat biaùostocki;1554;Total population;total / number;139590;139645;139492;138367;138665;139084;139942;137282;138004;138852;139643;142577;143701;144388;144978;;
PL11_2;Powiat m.Biaùystok;1554;Total population;total / number;288756;289233;290091;291660;291931;292150;291823;294830;294143;294153;294685;294155;294298;294921;295282;;
PL13_1;Powiat czæstochowski;1554;Total population;total / number;133999;134074;133853;133629;133689;133873;133729;133582;133823;134037;134103;135448;135630;135404;135549;;
PL13_2;Powiat m.Czæstochowa;1554;Total population;total / number;254071;253133;251932;250862;249453;248032;246890;245030;242300;240612;239319;237203;235798;234472;232318;;
;Gózd(2);1554;Total population;total / number;7636;7710;7733;7787;7889;7929;8028;8054;8145;8198;8275;8295;8348;8406;8477;;
;Jastrzæbia(2);1554;Total population;total / number;6175;6178;6250;6281;6310;6347;6407;6442;6474;6521;6544;6678;6692;6732;6783;;
;Jedliñsk(2);1554;Total population;total / number;12729;12895;12970;13022;13163;13267;13309;13430;13480;13623;13772;13899;14001;14064;14106;;
;Jedlnia-Letnisko(2);1554;Total population;total / number;10568;10662;10755;10894;11007;11222;11410;11504;11677;11766;11905;12114;12216;12348;12411;;
;Kowala(2);1554;Total population;total / number;9758;9894;10049;10194;10324;10456;10571;10747;10835;10985;11134;11448;11554;11679;11845;;
;Skaryszew(3);1554;Total population;total / number;12714;12856;12927;12996;13104;13159;13288;13421;13580;13637;13717;13922;14010;14108;14251;;
;Zakrzew(2);1554;Total population;total / number;10197;10295;10433;10603;10731;10946;11068;11271;11438;11600;11774;12001;12143;12317;12434;;
PL14_1 approx.;Powiat radomski;1554;Total population;total / number;140965;141807;142282;142916;143586;144382;144882;145389;145947;146481;147212;149615;150018;150668;151085;;
PL14_1;part of metro;1554;Total population;total / number;69777;70490;71117;71777;72528;73326;74081;74869;75629;76330;77121;78357;78964;79654;80307;;
PL14_2;Powiat m.Radom;1554;Total population;total / number;230704;230492;229987;229081;228290;227613;227018;225810;224857;224226;223397;221658;220602;219703;218466;;
;Daleszyce(3);1554;Total population;total / number;13987;14104;14210;14264;14419;14587;14692;14800;14964;15084;15189;15463;15516;15534;15556;;
;Górno(2);1554;Total population;total / number;12188;12294;12356;12485;12669;12793;12899;12959;13027;13200;13292;13509;13605;13710;13770;;
;Masùów(2);1554;Total population;total / number;8800;8954;9058;9185;9273;9442;9543;9623;9688;9751;9848;10324;10381;10468;10468;;
;Miedziana Góra(2);1554;Total population;total / number;8992;9170;9268;9409;9610;9837;10009;10031;10208;10257;10342;10674;10782;10949;11074;;
;Morawica(2);1554;Total population;total / number;12021;12205;12379;12566;12782;13046;13279;13483;13768;13897;14149;14634;14910;15129;15373;;
;Piekoszów(2);1554;Total population;total / number;14378;14531;14656;14801;14927;15061;15170;15334;15528;15635;15738;15857;15966;16146;16284;;
;Sitkówka-Nowiny(2);1554;Total population;total / number;6794;6826;6794;6838;6885;6909;6995;6986;7007;7047;7119;7420;7492;7531;7587;;
PL17_1 approx.;Powiat kielecki;1554;Total population;total / number;192963;194012;194670;195529;196540;197467;198376;198857;199847;200623;201643;205475;206261;207085;207588;;
PL17_1;part of metro;1554;Total population;total / number;77160;78084;78721;79548;80565;81675;82587;83216;84190;84871;85677;87881;88652;89467;90112;;
PL17_2;Powiat m.Kielce;1554;Total population;total / number;214242;213469;212763;211810;210639;209455;208193;207188;205902;205094;204835;202450;201815;200938;199870;;
PL06_1 approx.;Podregion 40 - gdañski;1554;Total population;total / number;452858;457143;462123;466226;471296;477405;483299;489826;498360;505881;514420;532663;540477;547320;554144;;
PL06_2;Podregion 43 - trójmiejski;1554;Total population;total / number;760210;758730;757284;756571;755528;752943;750919;748126;745113;743659;742910;748828;748040;747370;747476;;
PL06_1;part of metro;1554;Total population;total / number;;230113;;;;;245996;;;;;;;;;;
;Gdansk;1554;Total population - ESPON;total / number;;988843;;;;;996915;;;;;;;;;;
PL09 approx.;Podregion 11 - lubelski;1554;Total population;total / number;715711;715783;714676;716059;715315;715414;715275;714773;714276;713497;713229;717676;717488;717184;713691;;
PL09;Lublin;1554;Total population - ESPON;total / number;;448822;;;;;450458;;;;;;;;;;
RO03 approx.;RO113 - Cluj;1554;Total population;total / number;723939;721874;693304;685755;686186;697118;683550;693691;692021;690590;692339;694136;693608;697457;698929;;
RO08 approx.;RO122 - Brasov;1554;Total population;total / number;629792;627800;595742;595522;596571;595647;595736;592399;596467;596853;598208;598813;549519;550713;550765;;
RO02 approx.;RO213 - Iasi;1554;Total population;total / number;836255;840929;804812;814978;821891;813505;814198;813731;818929;823388;824780;821952;772979;775165;780948;;
RO10 approx.;RO221 - Braila;1554;Total population;total / number;386381;385516;376973;375205;373560;370941;369503;366811;363979;361414;359119;356653;319674;315598;312089;;
RO05 approx.;RO223 - Constanta;1554;Total population;total / number;746502;747103;713871;713921;713873;714923;716127;717323;719727;721896;723696;724671;683866;684458;684257;;
RO07 approx.;RO224 - Galati;1554;Total population;total / number;643531;643828;627267;624131;621956;621208;619090;616054;613509;611040;609398;606823;534577;530914;527979;;
RO09 approx.;RO316 - Prahova;1554;Total population;total / number;856961;855707;838066;834445;831033;829253;825389;822081;819600;817092;814689;811479;761699;756635;752322;;
RO06 approx.;RO411 - Dolj;1554;Total population;total / number;745328;743740;732520;727758;722823;720857;716713;713873;710669;707629;704436;700431;659016;654456;650548;;
RO04 approx.;RO424 - Timis;1554;Total population;total / number;689765;689219;661989;662209;659512;659333;659299;665956;673212;676360;678795;678347;685821;690763;693104;;
RO10;Braila;1554;Total population - ESPON;total / number;;216292;;;;;206775;;;;;;;;;;
RO08;Brasov;1554;Total population - ESPON;total / number;;284596;;;;;270366;;;;;;;;;;
RO03;Cluj-napoca;1554;Total population - ESPON;total / number;;317953;;;;;305553;;;;;;;;;;
RO05;Constanta;1554;Total population - ESPON;total / number;;323605;;;;;310337;;;;;;;;;;
RO06;Craiova;1554;Total population - ESPON;total / number;;302601;;;;;292010;;;;;;;;;;
RO07;Galati;1554;Total population - ESPON;total / number;;298861;;;;;286907;;;;;;;;;;
RO02;Iasi;1554;Total population - ESPON;total / number;;320888;;;;;313187;;;;;;;;;;
RO09;Ploiesti;1554;Total population - ESPON;total / number;;232527;;;;;223458;;;;;;;;;;
RO04;Timisoara;1554;Total population - ESPON;total / number;;317660;;;;;307495;;;;;;;;;;
;Basel-Stadt;1554;Total population;total / number;188458;187422;186469;186719;186653;186753;185601;184822;185227;186672;187898;184950;186255;187425;;;
;Solothurn;1554;Total population;total / number;243908;243668;245264;246280;246807;247379;247937;248613;250240;251830;252748;255284;256990;259283;;;
;Basel-Landschaft;1554;Total population;total / number;258602;259634;261083;262949;264402;265305;266089;267166;269145;271214;272815;274404;275360;276537;;;
;Aargau;1554;Total population;total / number;540639;543685;550298;555782;560674;565122;569344;574813;581562;591632;600040;611466;618298;627340;;;
CH03 approx.;Basel;1554;Total population;total / number;1231607;1234409;1243114;1251730;1258536;1264559;1268971;1275414;1286174;1301348;1313501;1326104;1336903;1350585;;;
CH04 approx.;Bern;1554;Total population;total / number;943427;944024;946310;949590;951957;955378;957064;958897;962982;969299;974235;979802;985046;992617;;;
CH05 approx.;Vaud;1554;Total population;total / number;616275;619097;624980;631039;639105;647382;654093;662145;672039;688245;701526;713281;725944;734356;;;
CH06 approx.;St. Gallen;1554;Total population;total / number;447609;450239;452904;455251;457289;458821;459999;461810;465937;471152;474676;478907;483156;487060;;;
CH03;Basel;1554;Total population - ESPON;total / number;;827251;;;;;846943;;;;;;;;;;
CH04;Bern;1554;Total population - ESPON;total / number;;493638;;;;;493101;;;;;;;;;;
CH05;Lausanne;1554;Total population - ESPON;total / number;;397107;;;;;401909;;;;;;;;;;
CH06;St. Gallen;1554;Total population - ESPON;total / number;;229556;;;;;228872;;;;;;;;;;
ES11 approx.;Córdoba;1554;Total population;total / number;758001;760224;762179;766005;770517;775835;780679;786384;792681;797328;799757;801792;802717;800106;;;
ES06 approx.;M?laga;1554;Total population;total / number;1250168;1270669;1302638;1338402;1373760;1415713;1456083;1491784;1529003;1552894;1566667;1581343;1598137;1613958;;;
ES04 approx.;Sevilla;1554;Total population;total / number;1702478;1716029;1732697;1748400;1764493;1785135;1807971;1831956;1859555;1884107;1902956;1918747;1932573;1936218;;;
ES09 approx.;Palmas, Las;1554;Total population;total / number;869081;898850;892640;919570;943646;967922;991822;1016209;1040110;1056361;1066491;1077087;1089051;1098225;;;
ES03 approx.;Valencia/Val?ncia;1554;Total population;total / number;2154033;2178512;2226431;2275650;2321592;2371882;2418730;2467761;2522559;2550405;2553693;2559199;2562514;2544577;;;
ES15 approx.;Coru?a, A;1554;Total population;total / number;1089408;1095536;1096079;1100954;1104699;1109955;1115415;1121347;1128599;1135287;1138107;1140069;1141178;1138715;;;
ES13 approx.;Pontevedra;1554;Total population;total / number;895997;902510;905270;911201;916516;922305;927931;933944;940727;947703;951701;953802;954921;952741;;;
ES11;Córdoba;1554;Total population - ESPON;total / number;;337863;;;;;353988;;;;;;;;;;
ES06;Malaga;1554;Total population - ESPON;total / number;;635745;;;;;694964;;;;;;;;;;
ES04;Sevilla;1554;Total population - ESPON;total / number;;1242920;;;;;1329958;;;;;;;;;;
ES09;Palmas de las Gran Canaria;1554;Total population - ESPON;total / number;;465713;;;;;492850;;;;;;;;;;
ES03;Valencia;1554;Total population - ESPON;total / number;;1527606;;;;;1705028;;;;;;;;;;
ES15;A Coru?a;1554;Total population - ESPON;total / number;;469569;;;;;494204;;;;;;;;;;
ES13;Vigo;1554;Total population - ESPON;total / number;;464513;;;;;488520;;;;;;;;;;
GB12 approx.;Belfast;1554;Total population;total / number;649900;647400;648000;647600;648200;650300;653200;656600;661200;666000;670000;672100;673700;675600;;;
GB18 approx.;Bournemouth/Poole;1554;Total population;total / number;690700;693500;699200;701900;703800;709300;713700;722600;727200;730500;738100;745400;750200;754400;;;
GB16 approx.;Brighton;1554;Total population;total / number;1001100;1004900;1007000;1010700;1015800;1023700;1033000;1042500;1053000;1061600;1072700;1081900;1090900;1099500;;;
GB10 approx.;Leicester;1554;Total population;total / number;923500;927700;934700;942200;951800;962500;972600;983000;992200;999400;1008900;1018400;1025300;1033000;;;
GB15 approx.;Newcastle upon Tyne;1554;Total population;total / number;1089000;1086800;1086500;1084700;1082800;1085400;1086600;1089400;1091100;1094600;1100100;1104100;1108100;1113600;;;
GB14 approx.;Portsmouth/Southampton;1554;Total population;total / number;1641500;1648900;1654100;1662800;1672500;1686100;1695200;1705500;1718000;1730700;1748100;1763400;1776400;1787300;;;
GB12;Belfast;1554;Total population - ESPON;total / number;;848620;;;;;857106;;;;;;;;;;
GB18;Bournemouth/Poole;1554;Total population - ESPON;total / number;;512431;;;;;514481;;;;;;;;;;
GB16;Brighton;1554;Total population - ESPON;total / number;;557146;;;;;566617;;;;;;;;;;
GB10;Leicester;1554;Total population - ESPON;total / number;;721453;;;;;747425;;;;;;;;;;
GB15;Newcastle upon Tyne;1554;Total population - ESPON;total / number;;1392631;;;;;1399594;;;;;;;;;;
GB14;Portsmouth/Southampton;1554;Total population - ESPON;total / number;;1253588;;;;;1289942;;;;;;;;;;
;ualad09:Amber Valley;1554;Total population;total / number;116100;116600;117300;117900;118400;119200;120000;120400;121200;121500;122100;122500;122700;123500;123900;;
;ualad09:Bolsover;1554;Total population;total / number;71200;71900;72500;73300;73600;73800;74300;74800;75100;75200;75700;76000;76400;76700;77200;;
;ualad09:Chesterfield;1554;Total population;total / number;98800;98800;99300;99900;100500;101300;101700;102000;102600;103000;103400;103800;103800;104000;104300;;
;ualad09:Derbyshire Dales;1554;Total population;total / number;69800;69400;69400;69400;69500;69500;69500;69900;70500;70700;71000;71100;71300;71300;71300;;
;ualad09:Erewash;1554;Total population;total / number;109400;110100;110300;110100;110100;110100;110000;110200;110800;111300;111700;112200;112800;113200;114000;;
;ualad09:High Peak;1554;Total population;total / number;89000;89400;89300;89200;89300;89600;90100;90600;90900;91000;91100;91000;91100;91100;91400;;
;ualad09:North East Derbyshire;1554;Total population;total / number;96900;96900;96900;97100;97500;97700;97700;98100;98300;98500;98800;99100;99300;99300;99400;;
;ualad09:South Derbyshire;1554;Total population;total / number;80700;81700;83500;85300;86500;87800;89300;90700;92000;93000;94100;94900;96000;97100;98400;;
GB13_2 approx.;uacounty09:Derbyshire;1554;Total population;total / number;731900;734900;738400;742200;745500;749000;752600;756600;761200;764300;767900;770700;773500;776200;779800;;
GB13_2;UKF12 - East Derbyshire;1554;Total population;total / number;266900;267600;268700;270300;271600;272800;273700;274900;276000;276700;277900;278900;279500;280000;280900;;
CR02 approx.;Split-Dalmatia;1554;Total population;total / number;;463676;;;;;;;;;;454798;;;;;
CR03 approx.;Primorje-Gorski kotar;1554;Total population;total / number;;305505;;;;;;;;;;296195;;;;;
CR02;Split;1554;Total population;total / number;;350157;;;;;;;;;;348949;;;;;
CR03;Rijeka;1554;Total population;total / number;;220538;;;;;;;;;;213666;;;;;
DK02 approx.;Aarhus;1554;Total population;total / number;287140;288977;291164;293604;295874;297330;297893;296170;298348;302489;306457;310746;314342;318824;323487;;
DK03 approx.;Odense;1554;Total population;total / number;184354;184133;184070;184751;185652;186318;187044;186745;186879;187839;188706;190190;191524;193314;195728;;
DK02;Aarhus;1554;Total population;total / number;;363715;;;;;369171;;;;;;;;;;
DK03;Odense;1554;Total population;total / number;;289698;;;;;294043;;;;;;;;;;
DE04 approx.;Köln;1554;Total population;total / number;1837440;1840684;1849437;1853545;1853703;1859174;1872107;1878466;1884818;1883961;1885456;1894456;1903646;1917088;;;
DE10 approx.;Bremen;1554;Total population;total / number;837268;835304;835343;838070;839533;840049;840099;839799;838934;837189;836369;835092;836388;839178;;;
DE17 approx.;Bochum;1554;Total population;total / number;545202;542509;541003;539474;537211;537098;533840;531077;527502;523213;519795;517446;517472;516776;;;
DE18 approx.;Wuppertal;1554;Total population;total / number;707100;703972;701575;698787;695182;692865;688916;685978;682050;676491;672130;668710;667715;667108;;;
DE22 approx.;Mannheim;1554;Total population;total / number;932979;934658;941110;945259;946281;946763;948180;950048;953215;955265;957639;960908;965077;972249;;;
DE25 approx.;Saarbrücken;1554;Total population;total / number;947974;945133;942673;941078;937561;932590;926713;919995;913540;907594;900527;895987;894216;890767;;;
DE15 approx.;Duisburg, Kreisfreie Stadt;1554;Total population;total / number;518635;513767;510889;507530;505367;503279;500446;497999;495558;492947;490835;488468;487470;486816;;;
DE04;Cologne;1554;Total population;total / number;;2299962;;;;;2343639;;;;;;;;;;
DE10;Bremen;1554;Total population;total / number;;1173464;;;;;1194466;;;;;;;;;;
DE17;Bochum;1554;Total population;total / number;;805809;;;;;792009;;;;;;;;;;
DE18;Wuppertal;1554;Total population;total / number;;479713;;;;;469660;;;;;;;;;;
DE22;Mannheim;1554;Total population;total / number;;736287;;;;;741807;;;;;;;;;;
DE25;Saarbrucken;1554;Total population;total / number;;1195073;;;;;1169821;;;;;;;;;;
DE15;Duisburg;1554;Total population;total / number;;905024;;;;;893939;;;;;;;;;;
HU02 approx.;Hajd?-Bihar;1554;Total population;total / number;541581;553264;552478;551837;550265;549372;547357;545641;543802;542192;541298;539674;543452;541352;;;
HU06 approx.;Gy?r-Moson-Sopron;1554;Total population;total / number;424507;434209;435256;439046;440138;439922;441606;442667;444384;447033;448435;449967;444935;448312;;;
HU07 approx.;B?cs-Kiskun;1554;Total population;total / number;532465;547954;545989;544116;541584;540499;537862;536290;533710;530379;528418;524841;521852;519930;;;
HU03 approx.;Borsod-Aba?j-Zemplén;1554;Total population;total / number;729965;753497;749104;744484;738143;731854;725779;718951;709634;701160;692771;684793;688922;682350;;;
HU09 approx.;Szabolcs-Szatm?r-Bereg;1554;Total population;total / number;569676;589989;587994;586193;583564;581623;578573;576054;571018;565326;560429;555496;565317;563653;;;
HU05 approx.;Baranya;1554;Total population;total / number;400806;408147;406330;404709;402260;400313;398355;398215;396633;394911;393758;391455;380904;377142;;;
HU04 approx.;Csongr?d;1554;Total population;total / number;417668;430514;428144;426817;425785;424849;423585;423751;424139;423826;423240;421827;411764;409571;;;
HU08 approx.;Fejér;1554;Total population;total / number;423531;428115;428922;428409;428579;428798;428332;428711;428572;428295;427416;426120;421927;421086;;;
HU02;Debrecen;1554;Total population;total / number;203648;207625;206564;205881;204722;204297;204083;204124;205084;206225;207270;208016;205076;204333;;;
HU06;Gyor;1554;Total population;total / number;127119;129934;129287;128913;128571;127594;128279;128265;128808;130476;130478;131267;128193;128567;;;
HU07;Kecskemét;1554;Total population;total / number;105606;107615;107267;107604;107665;108286;108835;109847;110316;111428;112233;113275;111264;111863;;;
HU03;Miskolc;1554;Total population;total / number;172357;185567;182408;180282;177809;175701;174416;172637;171096;170234;169226;168075;164973;162905;;;
HU09;Nyiregyhaza;1554;Total population;total / number;112419;117476;117002;116899;116540;116336;115954;116298;116874;117597;117832;117852;118192;118185;;;
HU05;Pécs;1554;Total population;total / number;157332;161286;159794;158942;157659;156567;156116;156649;156664;156974;157680;157721;149992;147719;;;
HU04;Szeged;1554;Total population;total / number;158158;165669;163699;162860;162586;162889;163259;164883;167039;169030;169713;170285;162183;161837;;;
HU08;Szekesfehervar;1554;Total population;total / number;105119;104830;104059;102670;101778;101465;101299;101600;101755;102035;101973;101943;99617;99247;;;
IE02 approx.;Cork city + county;1554;Total population;total / number;;;447829;;;;481295;;;;;519032;;;;;
IE04 approx.;Galway city + county;1554;Total population;total / number;;;209077;;;;231670;;;;;250653;;;;;
IE02;Cork;1554;Total population;total / number;;335149;340670;346057;351443;360062;366458;379184;391034;394468;394804;395814;398440;;;;
IE04;Galway;1554;Total population;total / number;;148225;154804;159752;162564;169030;171898;178927;183369;187305;187474;188823;186912;;;;
IS03_1;   Haifa S.D.;1554;Total population;total / '000;;;528;529;530;529;528;528;528;533;535;541;545;549;553;;
;   Hadera S.D.;1554;Total population;total / '000;;;302;309;316;323;330;336;344;356;363;372;381;390;399;;
;   Yizre'el S.D.;1554;Total population;total / '000;;;397;405;413;419;425;431;437;442;447;455;462;468;476;;
;   Akko S.D.;1554;Total population;total / '000;;;486;497;508;518;527;537;546;554;562;572;581;591;599;;
IS04 approx.;SOUTHERN DISTRICT;1554;Total population;total / '000;;;925;948;969;985;1002;1021;1037;1067;1084;1107;1124;1147;1169;;
IS03_2 approx.;Outer Haifa;1554;Total population;total / '000;;;1186;1212;1237;1259;1281;1303;1327;1352;1372;1398;1424;1448;1473;;
IS03_2;Outer Haifa;1554;Total population;total / '000;;;432;442;451;460;468;476;484;488;499;508;518;525;;;
IS03;Haifa;1554;Total population;total / '000;;;961;971;981;988;996;1004;1011;1021;1034;1049;1063;1074;;;
IS04;Be'er Sheva;1554;Total population;total / '000;;;487;500;512;521;532;540;549;560;589;559;563;575;;;
NL10 approx.;Apeldoorn (SG);1554;Total population;total / number;210027;210552;211819;212576;212948;212729;212551;212063;211738;211992;212379;212777;213199;213424;213663;;
NL08 approx.;Breda (SG);1554;Total population;total / number;296727;299737;302121;304018;305907;308047;310330;311659;312750;314818;316575;318111;320340;322078;323791;;
NL05 approx.;Eindhoven (SG);1554;Total population;total / number;383090;386484;388930;391082;402783;403841;405233;405239;406068;407667;409136;411826;414011;416022;418501;;
NL07 approx.;Groningen (PV);1554;Total population;total / number;562646;566489;570480;572997;574384;575072;574042;573614;573459;574092;576668;579036;580875;581705;582728;;
NL03 approx.;Agglomeratie 's-Gravenhage (CR);1554;Total population;total / number;715300;722387;752038;759778;768002;774499;780186;780207;784405;794009;802746;810849;819646;825018;830237;;
NL09 approx.;Nijmegen (SG);1554;Total population;total / number;268237;270685;271728;273880;275667;276458;277179;278595;279245;280079;281529;282906;283907;285505;287181;;
NL06 approx.;Tilburg (SG);1554;Total population;total / number;279654;282837;284790;285761;287238;287645;288769;289569;290904;292498;294394;295567;296796;298174;300331;;
NL04 approx.;Utrecht (SG);1554;Total population;total / number;535814;541645;549242;558031;564485;570359;577232;585223;592463;598714;606250;634957;640653;647000;653666;;
NL10;Appeldoorn;1554;Total population;total / number;;232141;;;;;233936;;;;;;;;;;
NL08;Breda;1554;Total population;total / number;;361916;;;;;371250;;;;;;;;;;
NL05;Eindhoven;1554;Total population;total / number;;515015;;;;;523442;;;;;;;;;;
NL07;Groningen;1554;Total population;total / number;;530350;;;;;538202;;;;;;;;;;
NL03;Den Haag;1554;Total population;total / number;;739902;;;;;788736;;;;;;;;;;
NL09;Nijmegen;1554;Total population;total / number;;323041;;;;;330659;;;;;;;;;;
NL06;Tilburg;1554;Total population;total / number;;326005;;;;;331722;;;;;;;;;;
NL04;Utrecht;1554;Total population;total / number;;697411;;;;;736986;;;;;;;;;;
PT03 approx.;C?vado;1554;Total population;total / number;389402;393804;397258;399942;402053;404022;405905;407624;408882;409822;410340;410706;410559;409471;;;
PT04 approx.;Baixo Mondego;1554;Total population;total / number;339092;340069;340169;339765;339081;338354;337519;336610;335662;334680;333548;331331;328060;324679;;;
PT03;Braga;1554;Total population;total / number;;240760;;;;;251835;;;;;;;;;;
PT04;Coimbra;1554;Total population;total / number;;263599;;;;;262281;;;;;;;;;;
RS04 approx.;Ðumadija and Western Serbia;1554;Total population;total / number;;;2136881;;;;;;;;;2013388;;;;;
RS03 approx.;Southern and Eastern Serbia;1554;Total population;total / number;;;1753004;;;;;;;;;1551268;;;;;
RS04;Kragujevac;1554;Total population;total / number;;;175802;;;;;;;;;177468;;;;;
RS03;Nið;1554;Total population;total / number;;;250518;;;;;;;;;257867;;;;;
CA02;Montréal;1554;Total population;total / number;;3451027;;;;;3635571;;;;;3824221;;;;;
;Montérégie;1554;Total population;total / number;;;;;;;;;;;;1456743;;;;;
CA02_1;Montréal;1554;Total population;total / number;;;;;;;;;;;;1958257;;;;;
CA02_2;Laval;1554;Total population;total / number;;;;;;;;;;;;403744;;;;;
;Lanaudi?re;1554;Total population;total / number;;;;;;;;;;;;469916;;;;;
;Laurentides;1554;Total population;total / number;;;;;;;;;;;;555614;;;;;
CA02_3 approx.;sum 3 regions;1554;Total population;total / number;;;;;;;;;;;;2482273;;;;;
CA02_3;part of metro;1554;Total population;total / number;;;;;;;;;;;;1462220;;;;;
CA19;Sherbrooke;1554;Total population;total / number;;175950;;;;;191410;;;;;201890;;;;;
CA07;Quebec;1554;Total population;total / number;;686569;;;;;719153;;;;;765706;;;;;
CA26;Saguenay;1554;Total population;total / number;;154938;;;;;156305;;;;;157790;;;;;
CA27;Trois-Rivi?res;1554;Total population;total / number;;137507;;;;;144713;;;;;151773;;;;;
CA19 approx.;Estrie;1554;Total population;total / number;;;;;;;;;;;;312150;;;;;
;Capitale-Nationale;1554;Total population;total / number;;;;;;;;;;;;701204;;;;;
;Chaudi?re-Appalaches;1554;Total population;total / number;;;;;;;;;;;;406401;;;;;
CA07 approx.;approx. Quebec;1554;Total population;total / number;;;;;;;;;;;;1107605;;;;;
CA26 approx.;Saguenay-Lac-Saint-Jean;1554;Total population;total / number;;;;;;;;;;;;273461;;;;;
CA27 approx.;Mauricie;1554;Total population;total / number;;;;;;;;;;;;262340;;;;;
CA04;Ottawa - Gatineau;1554;Total population;total / number;;;;;;;1133633;;;;;1236324;;;;;
CA04_2;Ottawa - Gatineau (partie du Québec / Quebec part);1554;Total population;total / number;;;;;;;286831;;;;;314501;;;;;
CA04_1;Ottawa - Gatineau (Ontario part / partie de l'Ontario);1554;Total population;total / number;;;;;;;846802;;;;;921823;;;;;
CA04_2 approx.;Outaouais;1554;Total population;total / number;;;;;;;;;;;;368181;;;;;
CA04_1 approx.;Ottawa;1554;Total population;total / number;;;;;;;;;;;;1281145;;;;;
;Alberta;1554;Total population;total / number;;;;;;;3290350;;;;;3645257;;;;;
;Airdrie, cy;1554;Total population;total / number;;;;;;;28927;;;;;42564;;;;;
;Brooks, cy;1554;Total population;total / number;;;;;;;12508;;;;;13676;;;;;
;Calgary, cy;1554;Total population;total / number;;;;;;;988812;;;;;1096833;;;;;
;Camrose, cy;1554;Total population;total / number;;;;;;;15630;;;;;17286;;;;;
;Cold Lake, cy;1554;Total population;total / number;;;;;;;11991;;;;;13839;;;;;
;Cypress County, md;1554;Total population;total / number;;;;;;;6709;;;;;7214;;;;;
;Edmonton, cy;1554;Total population;total / number;;;;;;;730372;;;;;812201;;;;;
;Fort Saskatchewan, cy;1554;Total population;total / number;;;;;;;14957;;;;;19051;;;;;
;Grande Prairie, cy;1554;Total population;total / number;;;;;;;47107;;;;;55032;;;;;
;Lacombe, cy;1554;Total population;total / number;;;;;;;10752;;;;;11707;;;;;
;Leduc, cy;1554;Total population;total / number;;;;;;;16967;;;;;24279;;;;;
;Lethbridge, cy;1554;Total population;total / number;;;;;;;74685;;;;;83517;;;;;
;Lloydminster (Part), cy;1554;Total population;total / number;;;;;;;15910;;;;;18032;;;;;
;Medicine Hat, cy;1554;Total population;total / number;;;;;;;56997;;;;;60005;;;;;
;Red Deer, cy;1554;Total population;total / number;;;;;;;83154;;;;;90564;;;;;
;Spruce Grove, cy;1554;Total population;total / number;;;;;;;19541;;;;;26171;;;;;
;St. Albert, cy;1554;Total population;total / number;;;;;;;57764;;;;;61466;;;;;
;Wetaskiwin, cy;1554;Total population;total / number;;;;;;;11689;;;;;12525;;;;;
CA05_2 approx.;Rural Alberta;1554;Total population;total / number;;;;;;;1085878;;;;;1179295;;;;;
CA05_1;Core Calgary;1554;Total population;total / number;;;;;;;1017739;;;;;1139397;;;;;
CA06_1;Core Edmonton;1554;Total population;total / number;;;;;;;839601;;;;;943168;;;;;
CA05;Calgary;1554;Total population;total / number;;951494;;;;;1079310;;;;;1214839;;;;;
CA06;Edmonton;1554;Total population;total / number;;937845;;;;;1034945;;;;;1159869;;;;;
CA05_2;Rural Calgary;1554;Total population;total / number;;;;;;;61571;;;;;75442;;;;;
CA06_2;Rural Edmonton;1554;Total population;total / number;;;;;;;195344;;;;;216701;;;;;
GG01_1;Tbilisi;1554;Total population;total / '000;;1082;1079;1078;1080;1103;1101;1137;1137;1153;1162;1173;1171;1175;;;
GG01_2;Rustavi city;1554;Total population;total / '000;;116;116;115;116;118;118;117;117;120;121;123;123;123;;;
CA06_2 approx.;Rural Alberta;1554;Total population;total / number;;;;;;;1085878;;;;;1179295;;;;;
GG01_2 approx.;Kvemo Kartli;1554;Total population;total / '000;;498;493;491;495;508;508;487;489;500;506;511;511;513;;;
GG01_1;Tbilisi;2485;Total households;total / number;;;305896;;;;;;;;;;;;;;
GG01_2;Rustavi city;2485;Total households;total / number;;;29014;;;;;;;;;;;;;;
GG01_2 approx.;Kvemo Kartli;2485;Total households;total / number;;;124031;;;;;;;;;;;;;;
BL01_1;Minsk City;1554;Total population;total / '000;1683;1690;1699;1710;1722;1745;1759;1776;1795;1814;1844;1864;1885;1901;1922;;
BL01_2 approx.;Minsk oblast;1554;Total population;total / '000;1547;1535;1522;1506;1492;1471;1458;1448;1441;1431;1420;1412;1404;1402;1403;;
BL01_2;Minsk raion;1554;Total population;total / '000;145;147;149;151;153;154;155;157;160;162;164;166;168;171;174;;
BL01_1;Minsk City;2485;Total households;total / number;;;;;;;;;;734191;;;;;;;
BL01_2 approx.;Minsk oblast;2485;Total households;total / number;;;;;;;;;;575406;;;;;;;
BL01_2;Minsk raion;2485;Total households;total / number;;;;;;;;;;57049;;;;;;;
KK01_1;Almaty city;1554;Total population;total / '000;1139;1153;1169;1186;1210;1237;1266;1298;1330;1363;1392;1415;1452;1476;;;
KK01_2 approx.;Almaty oblast;1554;Total population;total / '000;1562;1575;1589;1607;1632;1662;1694;1731;1767;1805;1837;1874;1910;1947;;;
KK01_2;part of Almaty oblast (in metropolitan);1554;Total population;total / '000;294;303;313;324;336;350;364;379;395;412;427;439;451;466;;;
PU08 approx.;Ancash department;1554;Total population;total / number;1049379;1056484;1063510;1070450;1077295;1084038;1090637;1097098;1103481;1109849;1116265;1122792;1129391;1135962;1142409;;
PU02 approx.;Arequipa department;1554;Total population;total / number;1084725;1100094;1114590;1128454;1141933;1155267;1168238;1180683;1192932;1205317;1218168;1231553;1245251;1259162;1273180;;
PU07 approx.;Cusco department;1554;Total population;total / number;1173757;1185457;1196650;1207423;1217862;1228055;1237955;1247503;1256770;1265827;1274742;1283540;1292175;1300609;1308806;;
PU09 approx.;Junin department;1554;Total population;total / number;1198307;1209950;1221386;1232569;1243455;1253996;1264050;1273648;1283003;1292330;1301844;1311584;1321407;1331253;1341064;;
PU03 approx.;La Libertad department;1554;Total population;total / number;1519967;1544794;1568885;1592392;1615464;1638251;1660535;1682213;1703617;1725075;1746913;1769181;1791659;1814276;1836960;;
PU04 approx.;Lambayeque department;1554;Total population;total / number;1084317;1099245;1113080;1126116;1138651;1150982;1163003;1174519;1185684;1196655;1207589;1218492;1229260;1239882;1250349;;
PU06 approx.;Loreto department;1554;Total population;total / number;847288;862190;876497;890388;904035;917618;931218;944717;957992;970918;983371;995355;1006953;1018160;1028968;;
PU11 approx.;Piura department;1554;Total population;total / number;1609027;1628074;1645795;1662570;1678777;1694797;1710456;1725502;1740194;1754791;1769555;1784551;1799607;1814622;1829496;;
PU05 approx.;Piura department;1554;Total population;total / number;1609027;1628074;1645795;1662570;1678777;1694797;1710456;1725502;1740194;1754791;1769555;1784551;1799607;1814622;1829496;;
PU10 approx.;Tacna department;1554;Total population;total / number;269033;274878;280596;286166;291563;296767;301728;306461;311038;315534;320021;324498;328915;333276;337583;;
PU12 approx.;Ucayali department;1554;Total population;total / number;390261;398941;407027;414704;422158;429576;436967;444209;451284;458177;464875;471351;477616;483708;489664;;
PU02;Arequipa;1554;Total population;total / number;768249;779716;790531;800873;810905;820805;830407;839605;848623;857705;867084;876804;886708;896731;906785;;
PU03;Trujillo;1554;Total population;total / number;731774;747340;762587;777569;792354;807021;821429;835540;849498;863467;877596;891916;906313;920734;935147;;
PU04;Chiclayo;1554;Total population;total / number;662952;674456;685353;695813;706003;716107;726061;735748;745257;754671;764103;773556;782955;792300;801580;;
PU05;Piura;1554;Total population;total / number;412202;419942;427374;434580;441679;448755;455741;462593;469355;476117;482925;489810;496717;503621;510488;;
PU06;Iquitos;1554;Total population;total / number;386666;393355;399770;405988;412095;418168;424247;430268;436185;441939;447467;452757;457865;462783;467493;;
PU07;Cusco;1554;Total population;total / number;330015;337325;344522;351660;358739;365793;372836;379823;386764;393679;400582;407488;414375;421202;427974;;
PU08;Chimbote;1554;Total population;total / number;315101;318558;322010;325443;328861;332262;335627;338956;342279;345606;348958;352351;355777;359203;362598;;
PU09;Huancayo;1554;Total population;total / number;325524;329563;333417;337057;340472;343645;346516;349106;351472;353664;355741;357718;359550;361221;362716;;
PU10;Tacna;1554;Total population;total / number;187212;189105;190685;191922;192799;193311;193432;193186;192629;191822;190819;189654;188407;186876;185187;;
PU11;Sullana;1554;Total population;total / number;181780;184405;186876;189237;191530;193796;196018;198164;200262;202344;204435;206548;208660;210758;212834;;
PU12;Pucallpa;1554;Total population;total / number;89516;91503;93355;95109;96811;98501;100186;101834;103441;105003;106521;107985;109398;110769;112106;;
RU01_1;Moscow city;1554;Total population;total / number;;;10382754;;;;;;;;11503501;;;;;;
RU01_2;Moscow oblast;1554;Total population;total / number;;;6618538;;;;;;;;7095120;;;;;;
RU02_2 approx.;Leningrad oblast;1554;Total population;total / number;;;1669205;;;;;;;;1716868;;;;;;
RU02_2;part of metro;1554;Total population;total / number;;;767397;;;;;;;;838016;;;;;;
RU02_1;Saint Petersburg;1554;Total population;total / number;;;4661219;;;;;;;;4879566;;;;;;
RU03 approx.;????????????? ???????;1554;Total population;total / number;;;2692251;;;;;;;;2665911;;;;;;
RU03;Novosibirsk;1554;Total population;total / number;;;1819952;;;;;;;;1883999;;;;;;
RU04 approx.;????????????? ???????;1554;Total population;total / number;;;3524028;;;;;;;;3310597;;;;;;
RU05 approx.;???????????? ???????;1554;Total population;total / number;;;4486214;;;;;;;;4297747;;;;;;
RU06 approx.;????????? ???????;1554;Total population;total / number;;;3239737;;;;;;;;3215532;;;;;;
RU07 approx.;?????? ???????;1554;Total population;total / number;;;2079220;;;;;;;;1977665;;;;;;
RU08 approx.;?????????? ?????????;1554;Total population;total / number;;;3779265;;;;;;;;3786488;;;;;;
RU09 approx.;??????????? ???????;1554;Total population;total / number;;;3603339;;;;;;;;3476217;;;;;;
RU10 approx.;?????????? ???????;1554;Total population;total / number;;;4404013;;;;;;;;4277976;;;;;;
RU11 approx.;?????????? ????????????;1554;Total population;total / number;;;4104336;;;;;;;;4072292;;;;;;
RU12 approx.;????????????? ???????;1554;Total population;total / number;;;2699223;;;;;;;;2610161;;;;;;
RU13 approx.;???????? ????;1554;Total population;total / number;;;2819421;;;;;;;;2635276;;;;;;
RU14 approx.;???????????? ????;1554;Total population;total / number;;;2966042;;;;;;;;2828187;;;;;;
RU15 approx.;??????????? ???????;1554;Total population;total / number;;;2378803;;;;;;;;2335380;;;;;;
RU16 approx.;??????????? ???????;1554;Total population;total / number;;;2668310;;;;;;;;2521892;;;;;;
RU17 approx.;????????? ???????;1554;Total population;total / number;;;3239737;;;;;;;;3215532;;;;;;
RU18 approx.;????????????? ????;1554;Total population;total / number;;;5125221;;;;;;;;5226647;;;;;;
RU19 approx.;?????????? ??????????;1554;Total population;total / number;;;1570316;;;;;;;;1521420;;;;;;
RU20 approx.;??????????? ???????;1554;Total population;total / number;;;1382811;;;;;;;;1292799;;;;;;
RU21 approx.;??????????? ???????;1554;Total population;total / number;;;1367398;;;;;;;;1272468;;;;;;
RU22 approx.;????????? ???????;1554;Total population;total / number;;;3264841;;;;;;;;3395755;;;;;;
RU23 approx.;????????? ????;1554;Total population;total / number;;;2607426;;;;;;;;2419755;;;;;;
RU24 approx.;??????????? ????;1554;Total population;total / number;;;1436570;;;;;;;;1343869;;;;;;
RU25 approx.;?????????? ????;1554;Total population;total / number;;;2071210;;;;;;;;1956497;;;;;;
RU26 approx.;????????? ???????;1554;Total population;total / number;;;2581705;;;;;;;;2428750;;;;;;
RU04;Nizhniy Novgorod;1554;Total population;total / number;;;1792940;;;;;;;;1873265;;;;;;
RU05;Yekaterinburg;1554;Total population;total / number;;;1340465;;;;;;;;1383179;;;;;;
RU06;Samara;1554;Total population;total / number;;;1418594;;;;;;;;1403138;;;;;;
RU07;Omsk;1554;Total population;total / number;;;1134016;;;;;;;;1154116;;;;;;
RU08;Kazan;1554;Total population;total / number;;;1105306;;;;;;;;1143535;;;;;;
RU09;Chelyabinsk ;1554;Total population;total / number;;;1077174;;;;;;;;1130132;;;;;;
RU10;Rostov;1554;Total population;total / number;;;1384384;;;;;;;;1426041;;;;;;
RU11;Ufa;1554;Total population;total / number;;;1049479;;;;;;;;1071640;;;;;;
RU12;Volgograd ;1554;Total population;total / number;;;1335641;;;;;;;;1348304;;;;;;
RU13;Perm;1554;Total population;total / number;;;1001653;;;;;;;;991162;;;;;;
RU14;Krasnojarsk ;1554;Total population;total / number;;;909341;;;;;;;;973826;;;;;;
RU15;Voronez ;1554;Total population;total / number;;;928410;;;;;;;;975373;;;;;;
RU16;Saratov ;1554;Total population;total / number;;;1108722;;;;;;;;1084096;;;;;;
RU17;Tolyatti ;1554;Total population;total / number;;;702879;;;;;;;;719632;;;;;;
RU18;Krasnodar ;1554;Total population;total / number;;;791354;;;;;;;;832532;;;;;;
RU19;Izhevsk ;1554;Total population;total / number;;;632140;;;;;;;;627734;;;;;;
RU20;Uljanovsk ;1554;Total population;total / number;;;657498;;;;;;;;637564;;;;;;
RU21;Yaroslavl ;1554;Total population;total / number;;;613088;;;;;;;;591486;;;;;;
RU22;Tyumen;1554;Total population;total / number;;;564180;;;;;;;;604816;;;;;;
RU23;Barnaul ;1554;Total population;total / number;;;667646;;;;;;;;670332;;;;;;
RU24;Khabarovsk ;1554;Total population;total / number;;;583072;;;;;;;;577441;;;;;;
RU25;Vladivostok (?. ??????????? ?);1554;Total population;total / number;;;620689;;;;;;;;616807;;;;;;
RU26;Irkutsk (?. ???????);1554;Total population;total / number;;;593604;;;;;;;;587891;;;;;;
TW06_1;Chiayi city;1554;Total population;total / number;265109;266183;267993;267907;269594;270341;271701;272364;273075;273793;273861;272390;271526;271220;270872;;
;Shuishang distict;1554;Total population;total / number;55170;55395;55411;55724;55483;55276;54533;54061;53498;53130;52562;52274;51793;51497;51289;;
;Zhongpu (Jhongpu) distict;1554;Total population;total / number;48365;48435;48301;48452;48340;48157;48069;48219;48039;47840;47790;47579;47291;47025;46694;;
TW06_2;part of metro;1554;Total population;total / number;103535;103830;103712;104176;103823;103433;102602;102280;101537;100970;100352;99853;99084;98522;97983;;
TW06_2 approx.;Chiayi County;1554;Total population;total / number;562662;562305;563365;562394;560410;557903;557101;553841;551345;548731;547716;543248;537942;533723;529229;;
TW06_1;Chiayi city;2485;Total households;total / number;78423;79716;81262;82444;84429;86261;88011;89385;91065;93138;94513;95152;96043;97018;97643;;
;Shuishang distict;2485;Total households;total / number;15762;16238;16426;16673;16825;17045;16936;17026;17079;17218;17246;17410;17448;17608;17769;;
;Zhongpu (Jhongpu) distict;2485;Total households;total / number;12742;13008;13153;13336;13524;13731;13959;14263;14519;14759;15071;15289;15539;15756;15916;;
TW06_2;part of metro;2485;Total households;total / number;28504;29246;29579;30009;30349;30776;30895;31289;31598;31977;32317;32699;32987;33364;33685;;
TW06_2 approx.;Chiayi County;2485;Total households;total / number;152102;155269;157448;158808;160342;162699;164911;166879;168916;171645;174312;176398;177906;179676;180652;;
UK01_1;Kiev city;1554;Total population;total / '000;2599;2599;2600;2612;2629;2656;2683;2708;2730;2755;2774;2788;2803;2834;2857;;
UK01_2 approx.;Kiev oblast;1554;Total population;total / '000;1850;1833;1820;1802;1787;1772;1757;1744;1731;1721;1715;1711;1713;1715;1718;;
UK01_2;part of metro;1554;Total population;total / '000;791;789;788;785;784;782;780;779;779;779;779;783;786;793;803;;
DR07 approx.;Provincia La Altagracia;1554;Total population;total / number;175718;180876;186149;191506;196891;202277;207680;213130;218589;224034;229428;234780;240108;245404;250665;;
DR06 approx.;Provincia Puerto Plata;1554;Total population;total / number;300036;303032;305967;308837;311660;314430;317156;319830;322455;325018;327510;329934;332295;334594;336825;;
DR05 approx.;Provincia Duarte;1554;Total population;total / number;281299;283278;285014;286620;288218;289916;291756;293662;295576;297433;299188;300833;302405;303909;305347;;
DR03 approx.;Provincia San Pedro de Macor?s;1554;Total population;total / number;287339;292356;297401;302457;307499;312501;317482;322461;327410;332302;337108;341843;346513;351116;355646;;
DR02 approx.;Provincia Santiago;1554;Total population;total / number;891504;907391;923306;939175;954937;970517;985949;1001287;1016467;1031447;1046182;1060673;1074950;1089008;1102840;;
DR07;Higüey municipality;1554;Total population;total / number;158248;162894;167645;172470;177321;182173;187041;191950;196867;201773;206632;;;;;;
DR06;Puerto Plata municipality;1554;Total population;total / number;141954;143373;144764;146124;147462;148773;150066;151333;152577;153791;154973;;;;;;
DR05;San Francisco de Macor?s  municipality;1554;Total population;total / number;173847;175071;176144;177137;178125;179173;180312;181490;182674;183822;184907;;;;;;
DR03;San Pedro de Macor?s municipality;1554;Total population;total / number;196059;199483;202927;206376;209817;213231;216630;220028;223405;226745;230023;;;;;;
DR02;Santiago municipality;1554;Total population;total / number;637023;648378;659753;671095;682361;693496;704526;715487;726338;737043;747576;;;;;;
JP01_1;Ibaraki-ken;1554;Total population;total / number;1038750;;;;;1049199;;;;;1073364;;;;;;
JP01_2;Tochigi-ken;1554;Total population;total / number;239319;;;;;245189;;;;;249657;;;;;;
JP01_3;Gumma-ken;1554;Total population;total / number;106791;;;;;106645;;;;;105523;;;;;;
JP01_4;Saitama-ken;1554;Total population;total / number;6821674;;;;;6942621;;;;;7088807;;;;;;
JP01_5;Chiba-ken;1554;Total population;total / number;5694293;;;;;5833511;;;;;6003765;;;;;;
JP01_6;Tokyo-to;1554;Total population;total / number;12036461;;;;;12547857;;;;;13131573;;;;;;
JP01_7;Kanagawa-ken;1554;Total population;total / number;8474145;;;;;8777391;;;;;9034478;;;;;;
JP01_8;Yamanashi-ken;1554;Total population;total / number;65368;;;;;61916;;;;;57153;;;;;;
JP01_9;Shizuoka-ken;1554;Total population;total / number;42936;;;;;41202;;;;;39611;;;;;;
JP03_1;Gifu-ken;1554;Total population;total / number;1605204;;;;;1613567;;;;;1608342;;;;;;
JP03_2;Aichi-ken;1554;Total population;total / number;6546002;;;;;6751487;;;;;6909209;;;;;;
JP03_3;Mie-ken;1554;Total population;total / number;572535;;;;;581264;;;;;589863;;;;;;
JP02_1;Mie-ken;1554;Total population;total / number;83291;;;;;82156;;;;;80284;;;;;;
JP02_2;Shiga-ken;1554;Total population;total / number;1134963;;;;;1171459;;;;;1203641;;;;;;
JP02_3;Kyoto-fu;1554;Total population;total / number;2333926;;;;;2346900;;;;;2347800;;;;;;
JP02_4;Osaka-fu;1554;Total population;total / number;8805081;;;;;8817166;;;;;8865245;;;;;;
JP02_5;Hyogo-ken;1554;Total population;total / number;4878126;;;;;4943928;;;;;4972848;;;;;;
JP02_6;Nara-ken;1554;Total population;total / number;1416124;;;;;1397480;;;;;1380073;;;;;;
JP02_7;Wakayama-ken;1554;Total population;total / number;532194;;;;;520140;;;;;512800;;;;;;
JP04_1;Yamaguchi-ken;1554;Total population;total / number;301097;;;;;290693;;;;;280947;;;;;;
JP04_2;Fukuoka-ken;1554;Total population;total / number;4902017;;;;;4940995;;;;;4968839;;;;;;
JP04_3;Saga-ken;1554;Total population;total / number;266936;;;;;267075;;;;;265641;;;;;;
JP10_1;Hirosima-ken;1554;Total population;total / number;1931300;;;;;1945134;;;;;1949279;;;;;;
JP10_2;Yamaguchi-ken;1554;Total population;total / number;160717;;;;;156143;;;;;150235;;;;;;
JP08;Niigata-ken;1554;Total population;total / number;1457825;;;;;1445299;;;;;1421694;;;;;;
JP07;Okayama-ken;1554;Total population;total / number;1628933;;;;;1646757;;;;;1647892;;;;;;
JP05;Hokkaido;1554;Total population;total / number;2511797;;;;;2567818;;;;;2584880;;;;;;
JP06_1;Miyagi-ken;1554;Total population;total / number;2155449;;;;;2161652;;;;;2161533;;;;;;
JP06_2;Fukushima-ken;1554;Total population;total / number;9017;;;;;8584;;;;;8224;;;;;;
JP09_1;Yamanashi-ken;1554;Total population;total / number;10863;;;;;10254;;;;;9011;;;;;;
JP09_2;Shizuoka-ken;1554;Total population;total / number;2720303;;;;;2747614;;;;;2732017;;;;;;
JP15;Tochigi-ken;1554;Total population;total / number;1669454;;;;;1687245;;;;;1686898;;;;;;
JP14;Ehime-ken;1554;Total population;total / number;721255;;;;;724048;;;;;717687;;;;;;
JP11;Kumamoto-ken;1554;Total population;total / number;1477213;;;;;1478985;;;;;1476435;;;;;;
JP12;Kagoshima-ken;1554;Total population;total / number;1179656;;;;;1169058;;;;;1152748;;;;;;
JP01_1 approx.;Ibaraki-ken;1554;Total population;total / number;2985676;2990000;2987000;2985000;2982000;2975167;2974000;2973000;2971000;2970000;2969770;2958000;2943000;;;;
JP01_2 approx.;Tochigi-ken;1554;Total population;total / number;2004817;2011000;2012000;2014000;2016000;2016631;2016000;2016000;2015000;2011000;2007683;2000000;1992000;;;;
JP01_3 approx.;Gumma-ken;1554;Total population;total / number;2024852;2029000;2030000;2030000;2027000;2024135;2022000;2020000;2017000;2014000;2008068;2001000;1992000;;;;
JP01_4 approx.;Saitama-ken;1554;Total population;total / number;6938006;6977000;7000000;7028000;7046000;7054243;7079000;7106000;7136000;7161000;7194556;7207000;7212000;;;;
JP01_5 approx.;Chiba-ken;1554;Total population;total / number;5926285;5970000;5998000;6030000;6047000;6056462;6084000;6119000;6153000;6180000;6216289;6214000;6195000;;;;
JP01_6 approx.;Tokyo-to;1554;Total population;total / number;12064101;12165000;12271000;12388000;12482000;12576601;12704000;12848000;12973000;13048000;13159388;13196000;13230000;;;;
JP01_7 approx.;Kanagawa-ken;1554;Total population;total / number;8489974;8575000;8636000;8702000;8753000;8791597;8846000;8912000;8965000;9006000;9048331;9058000;9067000;;;;
JP01_8 approx.;Yamanashi-ken;1554;Total population;total / number;888172;890000;889000;888000;886000;884515;880000;877000;871000;867000;863075;857000;852000;;;;
JP01_9 approx.;Shizuoka-ken;1554;Total population;total / number;3767393;3780000;3784000;3790000;3791000;3792377;3795000;3796000;3793000;3783000;3765007;3749000;3735000;;;;
JP03_1 approx.;Gifu-ken;1554;Total population;total / number;2107700;2111000;2110000;2110000;2108000;2107226;2105000;2104000;2100000;2091000;2080773;2071000;2061000;;;;
JP03_2 approx.;Aichi-ken;1554;Total population;total / number;7043300;7091000;7131000;7170000;7209000;7254704;7307000;7357000;7399000;7411000;7410719;7416000;7427000;;;;
JP03_3 approx.;Mie-ken;1554;Total population;total / number;1857339;1862000;1863000;1864000;1867000;1866963;1872000;1873000;1871000;1864000;1854724;1847000;1840000;;;;
JP02_1 approx.;Mie-ken;1554;Total population;total / number;1857339;1862000;1863000;1864000;1867000;1866963;1872000;1873000;1871000;1864000;1854724;1847000;1840000;;;;
JP02_2 approx.;Shiga-ken;1554;Total population;total / number;1342832;1354000;1361000;1368000;1375000;1380361;1390000;1398000;1405000;1409000;1410777;1414000;1415000;;;;
JP02_3 approx.;Kyoto-fu;1554;Total population;total / number;2644391;2649000;2648000;2650000;2650000;2647660;2646000;2643000;2640000;2637000;2636092;2632000;2625000;;;;
JP02_5 approx.;Hyogo-ken;1554;Total population;total / number;5550574;5572000;5580000;5589000;5592000;5590601;5592000;5593000;5592000;5591000;5588133;5582000;5571000;;;;
JP02_6 approx.;Nara-ken;1554;Total population;total / number;1442795;1442000;1437000;1434000;1428000;1421310;1417000;1413000;1407000;1404000;1400728;1396000;1390000;;;;
JP02_7 approx.;Wakayama-ken;1554;Total population;total / number;1069912;1065000;1059000;1052000;1045000;1035969;1029000;1021000;1014000;1008000;1002198;995000;988000;;;;
JP04_1 approx.;Yamaguchi-ken;1554;Total population;total / number;1527964;1523000;1517000;1510000;1502000;1492606;1484000;1476000;1466000;1459000;1451338;1442000;1431000;;;;
JP04_2 approx.;Fukuoka-ken;1554;Total population;total / number;5015699;5030000;5039000;5045000;5050000;5049908;5057000;5061000;5062000;5064000;5071968;5079000;5085000;;;;
JP04_3 approx.;Saga-ken;1554;Total population;total / number;876654;876000;874000;872000;870000;866369;863000;860000;856000;853000;849788;847000;843000;;;;
JP10_1 approx.;Hiroshima-ken;1554;Total population;total / number;2878915;2880000;2878000;2879000;2879000;2876642;2875000;2874000;2870000;2864000;2860750;2855000;2848000;;;;
JP10_2 approx.;Yamaguchi-ken;1554;Total population;total / number;1527964;1523000;1517000;1510000;1502000;1492606;1484000;1476000;1466000;1459000;1451338;1442000;1431000;;;;
JP08 approx.;Niigata-ken;1554;Total population;total / number;2475733;2471000;2462000;2455000;2445000;2431459;2420000;2408000;2396000;2385000;2374450;2362000;2347000;;;;
JP07 approx.;Okayama-ken;1554;Total population;total / number;1950828;1954000;1956000;1958000;1959000;1957264;1956000;1956000;1953000;1949000;1945276;1941000;1936000;;;;
JP05 approx.;Hokkaido;1554;Total population;total / number;5683062;5680000;5672000;5663000;5650000;5627737;5605000;5579000;5548000;5524000;5506419;5486000;5460000;;;;
JP06_1 approx.;Miyagi-ken;1554;Total population;total / number;2365320;2369000;2369000;2369000;2366000;2360218;2358000;2354000;2349000;2348000;2348165;2327000;2325000;;;;
JP06_2 approx.;Fukushima-ken;1554;Total population;total / number;2126935;2124000;2118000;2110000;2102000;2091319;2080000;2067000;2054000;2041000;2029064;1990000;1962000;;;;
JP09_1 approx.;Yamanashi-ken;1554;Total population;total / number;888172;890000;889000;888000;886000;884515;880000;877000;871000;867000;863075;857000;852000;;;;
JP09_2 approx.;Shizuoka-ken;1554;Total population;total / number;3767393;3780000;3784000;3790000;3791000;3792377;3795000;3796000;3793000;3783000;3765007;3749000;3735000;;;;
JP15 approx.;Tochigi-ken;1554;Total population;total / number;2004817;2011000;2012000;2014000;2016000;2016631;2016000;2016000;2015000;2011000;2007683;2000000;1992000;;;;
JP14 approx.;Ehime-ken;1554;Total population;total / number;1493092;1490000;1485000;1481000;1475000;1467815;1460000;1453000;1445000;1438000;1431493;1423000;1415000;;;;
JP11 approx.;Kumamoto-ken;1554;Total population;total / number;1859344;1860000;1857000;1852000;1848000;1842233;1838000;1832000;1826000;1821000;1817426;1813000;1807000;;;;
JP12 approx.;Kagoshima-ken;1554;Total population;total / number;1786194;1782000;1776000;1770000;1763000;1753179;1744000;1733000;1721000;1712000;1706242;1699000;1690000;;;;
EC02;Quito;1554;Total population;total / number;;1905735;1957198;2006564;2055134;2102933;2149660;2193911;2237695;2281254;2325043;2365144;2404949;2444470;2483682;;
;QUITO canton;1554;Total population;total / number;;1839853;1888864;1935879;1982136;2027659;2072159;2114304;2156003;2197488;2239191;2277115;2314723;2352031;2389012;;
;RUMI?AHUI canton;1554;Total population;total / number;;65882;68334;70684;72998;75274;77501;79607;81692;83766;85852;88029;90226;92440;94671;;
EC02 approx.;Pichincha province;1554;Total population;total / number;;2388817;2411826;2433896;2455612;2476982;2497874;2517659;2537235;2556709;2576287;2622136;2667734;2713087;2758171;;
EC01;Guayaquil;1554;Total population;total / number;;2566905;2639047;2689886;2739828;2792120;2845273;2891097;2939572;2990291;3044127;3083736;3122812;3161418;3199529;;
;Guayaquil canton;1554;Total population;total / number;;2039789;2086822;2119969;2152527;2186620;2221275;2251147;2282752;2315814;2350915;2373359;2395058;2416109;2436467;;
;Daule canton;1554;Total population;total / number;;85148;90464;94213;97892;101748;105667;109045;112620;116359;120326;124291;128342;132471;136684;;
;Dur?n canton;1554;Total population;total / number;;178714;187339;193417;199387;205640;211994;217473;223267;229333;235769;241640;247569;253544;259569;;
;Yaguachi canton;1554;Total population;total / number;;47630;49645;51064;52460;53920;55405;56685;58038;59456;60958;62197;63438;64679;65922;;
;Milagro canton;1554;Total population;total / number;;140103;144114;146940;149718;152624;155579;158126;160822;163640;166634;168831;170991;173115;175203;;
;Playas canton;1554;Total population;total / number;;30045;31844;33110;34355;35656;36981;38122;39329;40596;41935;43249;44588;45951;47339;;
;Samborondon canton;1554;Total population;total / number;;45476;48819;51174;53489;55913;58373;60499;62743;65093;67590;70170;72826;75549;78347;;
EC01 approx.;Guayas province;1554;Total population;total / number;;3309034;3359899;3395740;3430950;3467815;3505291;3537594;3571773;3607529;3645483;3693924;3741758;3789057;3835789;;
EC03;Cuenca canton ;1554;Total population;total / number;;417632;425145;435562;446207;456390;466213;476760;486812;496452;505585;514715;523909;533049;542141;;
EC04_1;Machala canton ;1554;Total population;total / number;;217696;;;;;;;;;245972;;;;;;
EC04_2;La Concordia canton ;1554;Total population;total / number;;45232;;;;;;;;;42924;;;;;;
EC04_3;El Carmen canton ;1554;Total population;total / number;;69998;;;;;;;;;89021;;;;;;
EC06;Manta canton ;1554;Total population;total / number;;192322;196693;200397;204116;207910;211719;215296;218953;222673;226477;229012;231453;233798;236043;;
EC07;Portoviejo canton ;1554;Total population;total / number;;238430;243753;248265;252795;257416;262051;266412;270865;275393;280029;282711;285268;287697;289995;;
EC08_1;Ambato canton;1554;Total population;total / number;;287282;;;;;;;;;329856;;;;;;
EC08_2;part of metro;1554;Total population;total / number;;91858;;;;;;;;;96981;;;;;;
;Azogues canton;1554;Total population;total / number;;64910;;;;;;;;;70064;;;;;;
;Biblian;1554;Total population;total / number;;20727;;;;;;;;;20817;;;;;;
;Deleg ;1554;Total population;total / number;;6221;;;;;;;;;6100;;;;;;
EC09;Riobamba canton ;1554;Total population;total / number;;193315;197248;200635;204105;207678;211300;214798;218387;222036;225741;228182;230556;232851;235081;;
EC03 approx.;Azuay province;1554;Total population;total / number;;599546;;;;;;;;;712127;;;;;;
EC04_1 approx.;El Oro province;1554;Total population;total / number;;525763;;;;;;;;;600659;;;;;;
EC04_2 approx.;Manabi province;1554;Total population;total / number;;1186025;;;;;;;;;1369780;;;;;;
EC04_3 approx.;Esmeraldas province;1554;Total population;total / number;;385223;;;;;;;;;534092;;;;;;
EC06 approx.;Manabi province;1554;Total population;total / number;;1186025;;;;;;;;;1369780;;;;;;
EC07 approx.;Manabi province;1554;Total population;total / number;;1186025;;;;;;;;;1369780;;;;;;
EC08_1 approx.;Tungurahua province;1554;Total population;total / number;;441034;;;;;;;;;504583;;;;;;
EC08_2 approx.;Canar province;1554;Total population;total / number;;206981;;;;;;;;;225184;;;;;;
EC09 approx.;Chimborazo province;1554;Total population;total / number;;403632;;;;;;;;;458581;;;;;;
GT02 approx.;Quetzaltenango;1554;Total population;total / number;;624716;;;;;;;;;;;;;;;
GT03 approx.;Escuintla;1554;Total population;total / number;;538746;;;;;;;;;;;;;;;
GT04 approx.;Chimaltenango;1554;Total population;total / number;;446133;;;;;;;;;;;;;;;
GT02;Quetzaltenango;1554;Total population;total / number;;127569;;;;;;;;;;;;;;;
GT03;Escuintla Municipality;1554;Total population;total / number;;119897;;;;;;;;;;;;;;;
GT04;Chimaltenango Municipality;1554;Total population;total / number;;74077;;;;;;;;;;;;;;;
ID01_2;Part of West Java included in metropolitan;1554;Total population;total / number;9664217;9949735;10263976;10551174;10897064;11186887;11432475;11674387;11915969;12216020;12490251;12981804;13481861;13988221;14504022;;
ID01_3;Part of Banten included in metropolitan;1554;Total population;total / number;4108282;4305036;4496445;4705546;4903164;5115353;5275968;5440653;5608383;5771940;5923299;6045765;6163885;6292431;6413265;;
ID01_1;DKI Jakarta;1554;Total population;total / number;8389443;8506867;8624772;8743801;8863704;8985605;9107594;9231510;9356389;9480822;9607787;9766039;9922734;10077652;10230792;;
ID01_2 approx.;West Java;1554;Total population;total / number;35729537;36399374;37078355;37765909;38464036;39189883;39936877;40696159;41469157;42243870;43053732;44080835;45107938;46126985;47146032;;
ID01_3 approx.;Banten province;1554;Total population;total / number;8098780;8378588;8654311;8937387;9222505;9481889;9711046;9949189;10189783;10419757;10632166;10755693;10877015;10996130;11111937;;
MY01_1;W.P. Kuala lumpur;1554;Total population;total / number;1305792;;;;;;;;;;1627172;;;;;;
MY01_3;W.P. Putraya;1554;Total population;total / number;11501;;;;;;;;;;67964;;;;;;
;Gombak;1554;Total population;total / number;537525;;;;;;;;;;682996;;;;;;
;Klang;1554;Total population;total / number;643436;;;;;;;;;;848149;;;;;;
;Petaling;1554;Total population;total / number;1184180;;;;;;;;;;1782375;;;;;;
;Sepang;1554;Total population;total / number;97139;;;;;;;;;;212050;;;;;;
;Ulu Langat;1554;Total population;total / number;864451;;;;;;;;;;1141880;;;;;;
MY01_2;part of metro;1554;Total population;total / number;3326731;;;;;;;;;;4667450;;;;;;
MY01_2 approx.;Selangor state;1554;Total population;total / number;3941316;;;;;;;;;;5411324;;;;;;
MY02 approx.;Johor state;1554;Total population;total / number;2584997;;;;;;;;;;3233434;;;;;;
MY03 approx.;Perak state;1554;Total population;total / number;1973368;;;;;;;;;;2258428;;;;;;
MY05 approx.;Sabah state;1554;Total population;total / number;2468246;;;;;;;;;;3120040;;;;;;
MY06 approx.;Kelantan state;1554;Total population;total / number;1287367;;;;;;;;;;1459994;;;;;;
MY07_1 approx.;Pahang state;1554;Total population;total / number;1229104;;;;;;;;;;1443365;;;;;;
MY07_2 approx.;Terengganu state;1554;Total population;total / number;880234;;;;;;;;;;1015776;;;;;;
MY08 approx.;Negeri Sembilan state;1554;Total population;total / number;829774;;;;;;;;;;997071;;;;;;
MY09_2 approx.;Kedah state;1554;Total population;total / number;1571077;;;;;;;;;;1890098;;;;;;
MY02;Johor Baharu;1554;Total population;total / number;1081978;;;;;;;;;;1591912;;;;;;
MY03;M.B. Ipoh;1554;Total population;total / number;556387;;;;;;;;;;657892;;;;;;
MY05;Kota Kinabalu;1554;Total population;total / number;355435;;;;;;;;;;452940;;;;;;
MY06;M.P. Kota Bharu Bandaraya Islam (MPKB BRI);1554;Total population;total / number;272017;;;;;;;;;;314964;;;;;;
MY07_1;Kuantan district;1554;Total population;total / number;344319;;;;;;;;;;450211;;;;;;
MY07_2;Kemaman district;1554;Total population;total / number;137070;;;;;;;;;;167824;;;;;;
MY08;Seremban;1554;Total population;total / number;490160;;;;;;;;;;653196;;;;;;
MY09_1;Pulau Pinang state;1554;Total population;total / number;1231209;;;;;;;;;;1520143;;;;;;
;Kuala Muda district;1554;Total population;total / number;339898;;;;;;;;;;441308;;;;;;
;Kulim district ;1554;Total population;total / number;190952;;;;;;;;;;282743;;;;;;
MY09_2;part of metro;1554;Total population;total / number;530850;;;;;;;;;;724051;;;;;;
PH01_1;Metro Manila;1554;Total population;total / number;9932560;10136502;10338135;10537218;10733507;10927003;11117704;11306584;11492306;11675234;11855975;;;;;;
;Cavite;1554;Total population;total / number;2063161;2165229;2267920;2370486;2473302;2576241;2678683;2781872;2884438;2987876;3090691;;;;;;
;Laguna;1554;Total population;total / number;1965872;2036512;2106667;2177145;2247785;2318102;2388257;2458735;2529375;2599692;2669847;;;;;;
;Rizal;1554;Total population;total / number;1707218;1787470;1868357;1947816;2026800;2104673;2182705;2259150;2335279;2410297;2484840;;;;;;
PH01_2 approx.;CALABARZON (Region IVA);1554;Total population;total / number;9320629;9644748;9971385;10297890;10625322;10954611;11282972;11613851;11945260;12276935;12609803;;;;;;
PH01_3;Bulacan;1554;Total population;total / number;2234088;2300813;2368293;2435867;2504289;2573276;2642358;2711910;2782500;2853372;2924433;;;;;;
PH01_3 approx.;Central Luzon (Region III);1554;Total population;total / number;8204742;8391849;8582108;8772163;8964354;9157766;9350669;9545504;9741966;9939445;10137737;;;;;;
PH01_2;part of metro;1554;Total population;total / number;5736251;5989212;6242944;6495448;6747887;6999016;7249645;7499758;7749092;7997865;8245378;;;;;;
TH09;Buriram;1554;Total population;total / number;660302;;;;;;;;;;556344;;;;;;
TH09 approx.;Buriram province;1554;Total population;total / number;1493359;;;;;;;;;;1265020;;;;;;
TH04;Chiang Mai;1554;Total population;total / number;696513;;;;;;;;;;877872;;;;;;
TH04 approx.;Chiang Mai province;1554;Total population;total / number;1500127;;;;;;;;;;1708564;;;;;;
TH03;Hat Yai;1554;Total population;total / number;740078;;;;;;;;;;919150;;;;;;
TH03 approx.;Songkhla province;1554;Total population;total / number;1255662;;;;;;;;;;1480468;;;;;;
TH07;Khon Kaen;1554;Total population;total / number;501252;;;;;;;;;;630298;;;;;;
TH07 approx.;Khon Kaen province;1554;Total population;total / number;1733434;;;;;;;;;;1735096;;;;;;
TH12;Maha Sarakham;1554;Total population;total / number;542603;;;;;;;;;;481992;;;;;;
TH12 approx.;Maha Sarakham province;1554;Total population;total / number;947313;;;;;;;;;;817778;;;;;;
TH05;Nakhon Ratchasima;1554;Total population;total / number;633780;;;;;;;;;;779845;;;;;;
TH05 approx.;Nakhon Ratchasima province;1554;Total population;total / number;2556260;;;;;;;;;;2522251;;;;;;
TH06;Nakhon Si Thammarat;1554;Total population;total / number;806140;;;;;;;;;;708553;;;;;;
TH06 approx.;Nakhon Si Thammarat province;1554;Total population;total / number;1519811;;;;;;;;;;1449387;;;;;;
TH02;Pattaya-Chonburi;1554;Total population;total / number;944509;;;;;;;;;;1454109;;;;;;
TH02 approx.;Chon Buri province;1554;Total population;total / number;1040865;;;;;;;;;;1554365;;;;;;
TH08;Rayong;1554;Total population;total / number;389003;;;;;;;;;;623963;;;;;;
TH08 approx.;Rayong province;1554;Total population;total / number;522133;;;;;;;;;;819604;;;;;;
TH10;Surin;1554;Total population;total / number;623059;;;;;;;;;;533442;;;;;;
TH10 approx.;Surin province;1554;Total population;total / number;1327901;;;;;;;;;;1112330;;;;;;
TH13;Udon Thani;1554;Total population;total / number;516289;;;;;;;;;;455927;;;;;;
TH13 approx.;Udon Thani province;1554;Total population;total / number;1467158;;;;;;;;;;1280696;;;;;;
VE01_1;Capital District;1554;Total population;total / number;;1836286;;;;;;;;;;1943901;;;;;
VE01_2;Four municipalities from Miranda state;1554;Total population;total / number;;926473;;;;;;;;;;960475;;;;;
VE01_2 approx.;Miranda state;1554;Total population;total / number;;2330872;;;;;;;;;;2675165;;;;;
;Jes?s Enrique Losada ;1554;Total population;total / number;;83468;;;;;;;;;;118756;;;;;
;La Ca?ada de Urdaneta ;1554;Total population;total / number;;61525;;;;;;;;;;82210;;;;;
;Mara ;1554;Total population;total / number;;155918;;;;;;;;;;207221;;;;;
;Maracaibo ;1554;Total population;total / number;;1219927;;;;;;;;;;1459448;;;;;
;San Francisco ;1554;Total population;total / number;;351958;;;;;;;;;;446757;;;;;
VE02;Maracaibo metropolitan area;1554;Total population;total / number;;1872796;;;;;;;;;;2314392;;;;;
;Carlos Arvelo;1554;Total population;total / number;;124344;;;;;;;;;;150277;;;;;
;Diego Ibarra;1554;Total population;total / number;;94852;;;;;;;;;;104536;;;;;
;Guacara;1554;Total population;total / number;;142227;;;;;;;;;;176218;;;;;
;Libertador;1554;Total population;total / number;;146507;;;;;;;;;;166166;;;;;
;Los Guayos;1554;Total population;total / number;;130345;;;;;;;;;;149606;;;;;
;Naguanagua;1554;Total population;total / number;;132368;;;;;;;;;;157437;;;;;
;SanDiego;1554;Total population;total / number;;59247;;;;;;;;;;93257;;;;;
;San Joaquin;1554;Total population;total / number;;47920;;;;;;;;;;64124;;;;;
;Valencia munic.;1554;Total population;total / number;;742145;;;;;;;;;;829856;;;;;
VE03;Valencia metropolitan area;1554;Total population;total / number;;1619955;;;;;;;;;;1891477;;;;;
;Iribarren;1554;Total population;total / number;;895989;;;;;;;;;;996230;;;;;
;Palavecino;1554;Total population;total / number;;134402;;;;;;;;;;174099;;;;;
VE04;Barquisimeto metropolitan area;1554;Total population;total / number;;1030391;;;;;;;;;;1170329;;;;;
VE05;Caroni munic.;1554;Total population;total / number;;646541;;;;;;;;;;706736;;;;;
;Bolivar;1554;Total population;total / number;;38062;;;;;;;;;;38047;;;;;
;Girardot;1554;Total population;total / number;;396125;;;;;;;;;;407109;;;;;
;Jose Angel Lamas;1554;Total population;total / number;;27428;;;;;;;;;;32981;;;;;
;Libertador;1554;Total population;total / number;;76036;;;;;;;;;;114355;;;;;
;Mario Briceno Iragorry;1554;Total population;total / number;;95672;;;;;;;;;;99852;;;;;
;Santiago Marino;1554;Total population;total / number;;160465;;;;;;;;;;211010;;;;;
;Sucre;1554;Total population;total / number;;106461;;;;;;;;;;114509;;;;;
;Francisco Linares Alcántara;1554;Total population;total / number;;114522;;;;;;;;;;123122;;;;;
VE06;Maracay metropolitan area;1554;Total population;total / number;;1014771;;;;;;;;;;1140985;;;;;
;Fernando Pe?alver;1554;Total population;total / number;;24819;;;;;;;;;;33437;;;;;
;Guanta ;1554;Total population;total / number;;27145;;;;;;;;;;30891;;;;;
;Juan Antonio Sotillo;1554;Total population;total / number;;206957;;;;;;;;;;244728;;;;;
;Simon Bolivar;1554;Total population;total / number;;359984;;;;;;;;;;421424;;;;;
;Diego Bautista Urbaneja;1554;Total population;total / number;;21200;;;;;;;;;;37829;;;;;
VE07;Barcelona metropolitan area;1554;Total population;total / number;;640105;;;;;;;;;;768309;;;;;
;Caripe ;1554;Total population;total / number;;31353;;;;;;;;;;33738;;;;;
;Cede?o ;1554;Total population;total / number;;27894;;;;;;;;;;34463;;;;;
;Ezequiel Zamora;1554;Total population;total / number;;52122;;;;;;;;;;62751;;;;;
;Maturin;1554;Total population;total / number;;404649;;;;;;;;;;542259;;;;;
;Piar;1554;Total population;total / number;;38934;;;;;;;;;;46610;;;;;
;Punceres ;1554;Total population;total / number;;24175;;;;;;;;;;27954;;;;;
VE08;Maturin metropolitan area;1554;Total population;total / number;;579127;;;;;;;;;;747775;;;;;
VE09;Heres munic.;1554;Total population;total / number;;292833;;;;;;;;;;342280;;;;;
;Andres Bello ;1554;Total population;total / number;;16474;;;;;;;;;;20358;;;;;
;Cardenas ;1554;Total population;total / number;;94178;;;;;;;;;;122053;;;;;
;Guasimos ;1554;Total population;total / number;;32545;;;;;;;;;;43236;;;;;
;Independencia ;1554;Total population;total / number;;29760;;;;;;;;;;36964;;;;;
;Libertad ;1554;Total population;total / number;;23670;;;;;;;;;;27547;;;;;
;San Cristobal ;1554;Total population;total / number;;250307;;;;;;;;;;263765;;;;;
;Torbes ;1554;Total population;total / number;;42192;;;;;;;;;;49577;;;;;
VE10;San Cristobal metropolitan area;1554;Total population;total / number;;489126;;;;;;;;;;563500;;;;;
VE11;Barinas munic.;1554;Total population;total / number;;263272;;;;;;;;;;353851;;;;;
VE02 approx.;Zulia;1554;Total population;total / number;;2983679;;;;;;;;;;3704404;;;;;
VE03 approx.;Carabobo;1554;Total population;total / number;;1932168;;;;;;;;;;2245744;;;;;
VE04 approx.;Lara;1554;Total population;total / number;;1556415;;;;;;;;;;1774867;;;;;
VE05 approx.;Bol?var;1554;Total population;total / number;;1214846;;;;;;;;;;1410964;;;;;
VE06 approx.;Aragua;1554;Total population;total / number;;1449616;;;;;;;;;;1630308;;;;;
VE07 approx.;Anzo?tegui;1554;Total population;total / number;;1222225;;;;;;;;;;1469747;;;;;
VE08 approx.;Monagas;1554;Total population;total / number;;712626;;;;;;;;;;905443;;;;;
VE09 approx.;Bol?var;1554;Total population;total / number;;1214846;;;;;;;;;;1410964;;;;;
VE10 approx.;T?chira;1554;Total population;total / number;;992669;;;;;;;;;;1168908;;;;;
VE11 approx.;Barinas;1554;Total population;total / number;;624508;;;;;;;;;;816264;;;;;
AR08 approx.;Buenos Aires;1554;Total population;total / number;;13827203;;;;;;;;;;;;;;;
AR09 approx.;Buenos Aires;1554;Total population;total / number;;13827203;;;;;;;;;;;;;;;
AR02 approx.;Córdoba;1554;Total population;total / number;;3066801;;;;;;;;;;;;;;;
AR13 approx.;Corrientes;1554;Total population;total / number;;930991;;;;;;;;;;;;;;;
AR11 approx.;Chaco;1554;Total population;total / number;;984446;;;;;;;;;;;;;;;
AR03 approx.;Mendoza;1554;Total population;total / number;;1579651;;;;;;;;;;;;;;;
AR14 approx.;Misiones;1554;Total population;total / number;;965522;;;;;;;;;;;;;;;
AR04 approx.;Salta;1554;Total population;total / number;;1079051;;;;;;;;;;;;;;;
AR06 approx.;San Juan;1554;Total population;total / number;;620023;;;;;;;;;;;;;;;
AR05 approx.;Santa Fe;1554;Total population;total / number;;3000701;;;;;;;;;;;;;;;
AR07 approx.;Santa Fe;1554;Total population;total / number;;3000701;;;;;;;;;;;;;;;
AR12 approx.;Sgo del Estero;1554;Total population;total / number;;804457;;;;;;;;;;;;;;;
AR10 approx.;Tucuman;1554;Total population;total / number;;1338523;;;;;;;;;;;;;;;
AR08;Gran La Plata;1554;Total population;total / number;;694253;;;;;;;;;;;;;;;
AR09;Mar del Plata;1554;Total population;total / number;;541733;;;;;;;;;;;;;;;
AR02;Gran Cordoba;1554;Total population;total / number;;1368301;;;;;;;;;;;;;;;
AR13;Gran Corrientes;1554;Total population;total / number;;316782;;;;;;;;;;;;;;;
AR11;Gran Resistencia;1554;Total population;total / number;;359590;;;;;;;;;;;;;;;
AR03;Gran Mendoza;1554;Total population;total / number;;848660;;;;;;;;;;;;;;;
AR14;Gran Posadas;1554;Total population;total / number;;279961;;;;;;;;;;;;;;;
AR04;Gran Salta;1554;Total population;total / number;;468583;;;;;;;;;;;;;;;
AR06;Gran San Juan;1554;Total population;total / number;;421640;;;;;;;;;;;;;;;
AR05;Gran Santa Fe;1554;Total population;total / number;;454238;;;;;;;;;;;;;;;
AR07;Gran Rosario;1554;Total population;total / number;;1161188;;;;;;;;;;;;;;;
AR12;Santiago del Estero - La Banda;1554;Total population;total / number;;327974;;;;;;;;;;;;;;;
AR10;Gran San Miguel de Tucum?n ;1554;Total population;total / number;;738479;;;;;;;;;;;;;;;
